Tarih;Şimdi;Açılış;Yüksek;Düşük;Hac.;Fark %
2.01.2018;3,672;3,74;3,74;3,672;3,85M;-1,66%
3.01.2018;3,672;3,684;3,709;3,672;1,89M;0,00%
4.01.2018;3,653;3,684;3,709;3,647;1,94M;-0,52%
5.01.2018;3,672;3,666;3,715;3,659;2,81M;0,52%
8.01.2018;3,69;3,684;3,703;3,684;1,30M;0,49%
9.01.2018;3,672;3,69;3,703;3,666;1,42M;-0,49%
10.01.2018;3,684;3,678;3,684;3,641;1,84M;0,33%
11.01.2018;3,641;3,69;3,696;3,635;980,98K;-1,17%
12.01.2018;3,585;3,641;3,653;3,585;2,06M;-1,54%
15.01.2018;3,486;3,579;3,597;3,486;1,07M;-2,76%
16.01.2018;3,517;3,467;3,535;3,461;1,14M;0,89%
17.01.2018;3,585;3,653;3,777;3,579;7,87M;1,93%
18.01.2018;3,548;3,616;3,622;3,548;3,62M;-1,03%
19.01.2018;3,523;3,542;3,56;3,498;4,01M;-0,70%
22.01.2018;3,498;3,517;3,529;3,486;3,65M;-0,71%
23.01.2018;3,535;3,517;3,56;3,517;3,55M;1,06%
24.01.2018;3,56;3,56;3,591;3,554;3,74M;0,71%
25.01.2018;3,529;3,573;3,579;3,529;1,89M;-0,87%
26.01.2018;3,579;3,529;3,622;3,529;4,61M;1,42%
29.01.2018;3,628;3,604;3,641;3,597;1,95M;1,37%
30.01.2018;3,505;3,628;3,666;3,505;7,08M;-3,39%
31.01.2018;3,498;3,517;3,554;3,474;6,64M;-0,20%
1.02.2018;3,529;3,517;3,542;3,511;2,94M;0,89%
2.02.2018;3,486;3,535;3,542;3,474;2,95M;-1,22%
5.02.2018;3,467;3,474;3,498;3,467;2,58M;-0,55%
6.02.2018;3,393;3,393;3,486;3,344;5,44M;-2,13%
7.02.2018;3,393;3,424;3,455;3,393;3,68M;0,00%
8.02.2018;3,498;3,405;3,529;3,399;5,63M;3,09%
9.02.2018;3,43;3,474;3,486;3,412;2,85M;-1,94%
12.02.2018;3,436;3,449;3,48;3,436;2,36M;0,17%
13.02.2018;3,387;3,424;3,455;3,387;1,82M;-1,43%
14.02.2018;3,387;3,405;3,418;3,374;1,26M;0,00%
15.02.2018;3,449;3,412;3,455;3,399;1,29M;1,83%
16.02.2018;3,498;3,455;3,505;3,455;1,85M;1,42%
19.02.2018;3,449;3,511;3,511;3,436;1,56M;-1,40%
20.02.2018;3,418;3,467;3,486;3,418;1,28M;-0,90%
21.02.2018;3,449;3,455;3,461;3,436;1,23M;0,91%
22.02.2018;3,449;3,443;3,467;3,436;948,60K;0,00%
23.02.2018;3,43;3,455;3,461;3,43;1,67M;-0,55%
26.02.2018;3,443;3,43;3,455;3,43;795,24K;0,38%
27.02.2018;3,449;3,449;3,467;3,449;969,55K;0,17%
28.02.2018;3,399;3,449;3,455;3,399;1,68M;-1,45%
1.03.2018;3,362;3,405;3,418;3,35;2,16M;-1,09%
2.03.2018;3,381;3,356;3,381;3,344;1,38M;0,57%
5.03.2018;3,344;3,393;3,436;3,344;2,57M;-1,09%
6.03.2018;3,3;3,362;3,381;3,3;3,08M;-1,32%
7.03.2018;3,288;3,288;3,306;3,263;1,72M;-0,36%
8.03.2018;3,282;3,3;3,325;3,275;1,66M;-0,18%
9.03.2018;3,306;3,294;3,331;3,288;2,61M;0,73%
12.03.2018;3,319;3,325;3,356;3,313;1,58M;0,39%
13.03.2018;3,325;3,319;3,337;3,294;3,43M;0,18%
14.03.2018;3,294;3,319;3,337;3,294;2,47M;-0,93%
15.03.2018;3,3;3,3;3,313;3,288;1,84M;0,18%
16.03.2018;3,331;3,306;3,374;3,306;6,27M;0,94%
19.03.2018;3,374;3,337;3,374;3,325;3,16M;1,29%
20.03.2018;3,356;3,381;3,393;3,356;2,40M;-0,53%
21.03.2018;3,337;3,362;3,368;3,337;1,76M;-0,57%
22.03.2018;3,3;3,35;3,356;3,294;3,04M;-1,11%
23.03.2018;3,313;3,282;3,313;3,263;1,60M;0,39%
26.03.2018;3,319;3,3;3,337;3,288;3,00M;0,18%
27.03.2018;3,344;3,331;3,368;3,325;3,79M;0,75%
28.03.2018;3,344;3,35;3,362;3,337;2,70M;0,00%
29.03.2018;3,35;3,344;3,362;3,344;1,97M;0,18%
30.03.2018;3,412;3,362;3,418;3,35;3,13M;1,85%
2.04.2018;3,368;3,405;3,43;3,362;1,55M;-1,29%
3.04.2018;3,362;3,374;3,381;3,35;6,92M;-0,18%
4.04.2018;3,368;3,368;3,393;3,362;2,49M;0,18%
5.04.2018;3,418;3,381;3,436;3,368;6,70M;1,48%
6.04.2018;3,511;3,418;3,517;3,418;4,76M;2,72%
9.04.2018;3,387;3,511;3,548;3,362;7,57M;-3,53%
10.04.2018;3,337;3,399;3,399;3,263;6,67M;-1,48%
11.04.2018;3,275;3,337;3,374;3,226;5,24M;-1,86%
12.04.2018;3,282;3,294;3,319;3,263;2,14M;0,21%
13.04.2018;3,201;3,294;3,3;3,195;3,36M;-2,47%
16.04.2018;3,282;3,226;3,282;3,22;3,80M;2,53%
17.04.2018;3,168;3,32;3,326;3,161;6,15M;-3,47%
18.04.2018;3,25;3,168;3,25;3,104;4,32M;2,59%
19.04.2018;3,244;3,237;3,256;3,218;1,32M;-0,18%
20.04.2018;3,187;3,237;3,237;3,174;3,01M;-1,76%
24.04.2018;3,111;3,187;3,206;3,111;5,27M;-2,38%
25.04.2018;3,079;3,111;3,123;3,073;3,93M;-1,03%
26.04.2018;3,041;3,06;3,104;3,041;2,41M;-1,23%
27.04.2018;3,054;3,054;3,073;3,035;2,29M;0,43%
30.04.2018;3,098;3,054;3,098;3,054;2,49M;1,44%
2.05.2018;3,085;3,092;3,117;3,047;3,00M;-0,42%
3.05.2018;3,022;3,066;3,092;3,022;3,34M;-2,04%
4.05.2018;3,098;3,035;3,098;3,028;4,10M;2,51%
7.05.2018;3,098;3,098;3,117;3,073;2,27M;0,00%
8.05.2018;3,047;3,098;3,104;3,035;3,62M;-1,65%
9.05.2018;3,111;3,047;3,111;3,028;3,38M;2,10%
10.05.2018;3,092;3,085;3,104;3,066;3,01M;-0,61%
11.05.2018;3,104;3,104;3,123;3,085;2,17M;0,39%
14.05.2018;3,13;3,111;3,187;3,104;3,20M;0,84%
15.05.2018;3,073;3,111;3,136;3,073;3,13M;-1,82%
16.05.2018;3,073;3,073;3,092;3,047;2,07M;0,00%
17.05.2018;3,111;3,079;3,117;3,079;1,38M;1,24%
18.05.2018;3,174;3,117;3,187;3,098;4,89M;2,03%
21.05.2018;3,187;3,174;3,212;3,161;2,27M;0,41%
22.05.2018;3,168;3,199;3,212;3,168;1,94M;-0,60%
23.05.2018;3,212;3,168;3,244;3,168;6,86M;1,39%
24.05.2018;3,202;3,209;3,264;3,181;3,94M;-0,31%
25.05.2018;3,223;3,195;3,23;3,188;1,51M;0,66%
28.05.2018;3,216;3,23;3,271;3,209;2,10M;-0,22%
29.05.2018;3,195;3,223;3,23;3,168;1,26M;-0,65%
30.05.2018;3,14;3,188;3,216;3,133;2,49M;-1,72%
31.05.2018;3,071;3,14;3,174;3,071;2,47M;-2,20%
1.06.2018;3,044;3,057;3,085;3,016;3,02M;-0,88%
4.06.2018;3,071;3,044;3,092;3,044;815,19K;0,89%
5.06.2018;3,009;3,071;3,078;2,995;825,38K;-2,02%
6.06.2018;2,94;3,016;3,03;2,94;3,47M;-2,29%
7.06.2018;2,947;2,947;2,982;2,933;2,12M;0,24%
8.06.2018;2,899;2,947;2,947;2,899;2,07M;-1,63%
11.06.2018;2,954;2,927;2,975;2,878;1,77M;1,90%
12.06.2018;2,858;2,954;3,009;2,823;6,48M;-3,25%
13.06.2018;2,858;2,865;2,892;2,83;4,87M;0,00%
14.06.2018;2,858;2,851;2,92;2,789;6,72M;0,00%
18.06.2018;2,913;2,858;2,968;2,858;4,39M;1,92%
19.06.2018;3,009;2,906;3,016;2,906;4,84M;3,30%
20.06.2018;3,112;3,023;3,112;3,009;6,01M;3,42%
21.06.2018;3,168;3,119;3,209;3,112;4,29M;1,80%
22.06.2018;3,23;3,181;3,23;3,154;4,90M;1,96%
25.06.2018;3,161;3,278;3,312;3,14;3,48M;-2,14%
26.06.2018;3,161;3,168;3,209;3,154;2,17M;0,00%
27.06.2018;3,119;3,181;3,188;3,119;2,40M;-1,33%
28.06.2018;3,106;3,126;3,174;3,099;3,24M;-0,42%
29.06.2018;3,216;3,14;3,25;3,133;4,51M;3,54%
2.07.2018;3,271;3,23;3,278;3,202;3,54M;1,71%
3.07.2018;3,216;3,278;3,278;3,188;2,06M;-1,68%
4.07.2018;3,223;3,23;3,243;3,202;1,72M;0,22%
5.07.2018;3,243;3,223;3,298;3,216;3,20M;0,62%
6.07.2018;3,223;3,257;3,271;3,223;2,43M;-0,62%
9.07.2018;3,23;3,236;3,25;3,188;4,41M;0,22%
10.07.2018;3,168;3,188;3,216;3,154;2,06M;-1,92%
11.07.2018;3,064;3,188;3,188;3,023;3,21M;-3,28%
12.07.2018;3,078;3,085;3,106;2,982;1,89M;0,46%
13.07.2018;3,119;3,126;3,154;3,092;2,91M;1,33%
16.07.2018;3,112;3,14;3,161;3,106;3,20M;-0,22%
17.07.2018;3,112;3,112;3,133;3,106;3,56M;0,00%
18.07.2018;3,099;3,112;3,126;3,092;3,16M;-0,42%
19.07.2018;3,112;3,106;3,126;3,092;2,18M;0,42%
20.07.2018;3,223;3,112;3,223;3,112;1,86M;3,57%
23.07.2018;3,209;3,243;3,25;3,181;2,87M;-0,43%
24.07.2018;3,236;3,188;3,271;3,174;4,10M;0,84%
25.07.2018;3,278;3,243;3,298;3,243;2,03M;1,30%
26.07.2018;3,202;3,292;3,298;3,181;2,06M;-2,32%
27.07.2018;3,292;3,209;3,292;3,209;2,57M;2,81%
30.07.2018;3,367;3,278;3,367;3,278;2,11M;2,28%
31.07.2018;3,36;3,374;3,402;3,326;3,11M;-0,21%
1.08.2018;3,271;3,367;3,367;3,264;3,95M;-2,65%
2.08.2018;3,257;3,271;3,298;3,223;3,29M;-0,43%
3.08.2018;3,278;3,264;3,305;3,257;2,05M;0,64%
6.08.2018;3,292;3,271;3,326;3,271;1,45M;0,43%
7.08.2018;3,395;3,305;3,409;3,305;2,70M;3,13%
8.08.2018;3,436;3,409;3,457;3,409;2,52M;1,21%
9.08.2018;3,464;3,436;3,491;3,415;2,99M;0,81%
10.08.2018;3,45;3,395;3,512;3,292;5,06M;-0,40%
13.08.2018;3,615;3,429;3,677;3,422;7,81M;4,78%
14.08.2018;3,34;3,505;3,505;3,34;7,39M;-7,61%
15.08.2018;3,174;3,367;3,374;3,174;5,45M;-4,97%
16.08.2018;3,202;3,23;3,326;3,099;5,31M;0,88%
17.08.2018;3,202;3,209;3,257;3,14;3,55M;0,00%
20.08.2018;3,539;3,223;3,539;3,223;2,52M;10,52%
27.08.2018;3,471;3,539;3,539;3,464;2,38M;-1,92%
28.08.2018;3,505;3,484;3,539;3,484;2,27M;0,98%
29.08.2018;3,491;3,505;3,588;3,491;3,11M;-0,40%
31.08.2018;3,533;3,491;3,574;3,491;2,99M;1,20%
3.09.2018;3,636;3,553;3,643;3,553;3,07M;2,92%
4.09.2018;3,677;3,65;3,691;3,622;3,30M;1,13%
5.09.2018;3,698;3,677;3,725;3,656;2,69M;0,57%
6.09.2018;3,67;3,718;3,739;3,663;1,82M;-0,76%
7.09.2018;3,629;3,684;3,712;3,622;3,30M;-1,12%
10.09.2018;3,581;3,629;3,663;3,553;2,13M;-1,32%
11.09.2018;3,636;3,595;3,67;3,588;1,83M;1,54%
12.09.2018;3,533;3,636;3,65;3,505;3,67M;-2,83%
13.09.2018;3,581;3,553;3,629;3,533;3,57M;1,36%
14.09.2018;3,533;3,622;3,643;3,498;5,26M;-1,34%
17.09.2018;3,567;3,553;3,595;3,505;4,59M;0,96%
18.09.2018;3,622;3,588;3,629;3,567;1,89M;1,54%
19.09.2018;3,601;3,636;3,656;3,56;2,52M;-0,58%
20.09.2018;3,636;3,615;3,636;3,574;2,46M;0,97%
21.09.2018;3,615;3,65;3,663;3,574;3,97M;-0,58%
24.09.2018;3,581;3,608;3,636;3,581;1,83M;-0,94%
25.09.2018;3,588;3,595;3,608;3,581;1,34M;0,20%
26.09.2018;3,574;3,608;3,615;3,567;1,33M;-0,39%
27.09.2018;3,643;3,588;3,663;3,588;1,84M;1,93%
28.09.2018;3,588;3,65;3,65;3,588;879,60K;-1,51%
1.10.2018;3,581;3,595;3,656;3,56;2,12M;-0,20%
2.10.2018;3,588;3,581;3,608;3,574;967,84K;0,20%
3.10.2018;3,553;3,588;3,588;3,519;1,78M;-0,98%
4.10.2018;3,512;3,539;3,546;3,505;1,06M;-1,15%
5.10.2018;3,491;3,512;3,533;3,422;3,84M;-0,60%
8.10.2018;3,409;3,491;3,519;3,409;4,36M;-2,35%
9.10.2018;3,429;3,415;3,45;3,388;3,72M;0,59%
10.10.2018;3,402;3,45;3,457;3,367;6,95M;-0,79%
11.10.2018;3,367;3,388;3,402;3,36;2,05M;-1,03%
12.10.2018;3,388;3,388;3,402;3,347;2,56M;0,62%
15.10.2018;3,422;3,409;3,491;3,367;3,73M;1,00%
16.10.2018;3,395;3,443;3,471;3,374;5,91M;-0,79%
17.10.2018;3,415;3,409;3,436;3,381;2,16M;0,59%
18.10.2018;3,381;3,422;3,436;3,367;2,14M;-1,00%
19.10.2018;3,374;3,381;3,388;3,347;3,66M;-0,21%
22.10.2018;3,271;3,374;3,381;3,271;4,61M;-3,05%
23.10.2018;3,195;3,271;3,305;3,195;1,91M;-2,32%
24.10.2018;3,181;3,202;3,264;3,181;1,85M;-0,44%
25.10.2018;3,195;3,174;3,257;3,174;1,92M;0,44%
26.10.2018;3,147;3,202;3,243;3,147;1,95M;-1,50%
30.10.2018;3,223;3,154;3,223;3,119;2,37M;2,41%
31.10.2018;3,216;3,223;3,243;3,181;2,53M;-0,22%
1.11.2018;3,202;3,236;3,257;3,168;3,91M;-0,44%
2.11.2018;3,216;3,209;3,23;3,202;2,54M;0,44%
5.11.2018;3,195;3,257;3,257;3,195;1,69M;-0,65%
6.11.2018;3,154;3,209;3,216;3,14;1,61M;-1,28%
7.11.2018;3,209;3,161;3,216;3,147;4,14M;1,74%
8.11.2018;3,188;3,223;3,223;3,181;2,33M;-0,65%
9.11.2018;3,209;3,209;3,25;3,188;4,92M;0,66%
12.11.2018;3,23;3,216;3,243;3,195;2,04M;0,65%
13.11.2018;3,278;3,216;3,278;3,209;2,28M;1,49%
14.11.2018;3,264;3,271;3,271;3,236;2,38M;-0,43%
15.11.2018;3,25;3,25;3,271;3,236;1,46M;-0,43%
16.11.2018;3,278;3,264;3,305;3,257;3,77M;0,86%
19.11.2018;3,333;3,292;3,333;3,278;1,29M;1,68%
20.11.2018;3,292;3,333;3,333;3,257;2,74M;-1,23%
21.11.2018;3,285;3,292;3,312;3,264;1,01M;-0,21%
22.11.2018;3,257;3,285;3,285;3,243;1,33M;-0,85%
23.11.2018;3,195;3,25;3,25;3,188;1,03M;-1,90%
26.11.2018;3,195;3,202;3,223;3,188;1,43M;0,00%
27.11.2018;3,14;3,188;3,195;3,14;2,32M;-1,72%
28.11.2018;3,154;3,147;3,174;3,133;2,44M;0,45%
29.11.2018;3,195;3,168;3,216;3,168;3,43M;1,30%
30.11.2018;3,23;3,202;3,257;3,202;2,11M;1,10%
3.12.2018;3,161;3,243;3,264;3,161;3,12M;-2,14%
4.12.2018;3,147;3,161;3,216;3,133;3,11M;-0,44%
5.12.2018;3,078;3,154;3,168;3,078;4,81M;-2,19%
6.12.2018;3,092;3,085;3,112;3,057;1,52M;0,45%
7.12.2018;3,133;3,092;3,188;3,078;4,76M;1,33%
10.12.2018;3,161;3,14;3,168;3,119;2,20M;0,89%
11.12.2018;3,119;3,161;3,168;3,119;2,16M;-1,33%
12.12.2018;3,105;3,133;3,14;3,064;2,65M;-0,45%
13.12.2018;3,196;3,133;3,196;3,092;3,62M;2,93%
14.12.2018;3,175;3,203;3,237;3,175;1,71M;-0,66%
17.12.2018;3,203;3,168;3,224;3,161;1,55M;0,88%
18.12.2018;3,224;3,224;3,265;3,182;4,33M;0,66%
19.12.2018;3,203;3,231;3,251;3,196;1,48M;-0,65%
20.12.2018;3,147;3,203;3,224;3,126;2,05M;-1,75%
21.12.2018;3,078;3,161;3,161;3,071;7,02M;-2,19%
24.12.2018;3,105;3,071;3,105;3,071;711,91K;0,88%
25.12.2018;3,133;3,085;3,14;3,078;552,70K;0,90%
26.12.2018;3,14;3,133;3,14;3,126;237,09K;0,22%
27.12.2018;3,14;3,154;3,161;3,119;1,72M;0,00%
28.12.2018;3,119;3,133;3,14;3,092;934,75K;-0,67%
31.12.2018;3,182;3,119;3,182;3,119;986,37K;2,02%
2.01.2019;3,224;3,189;3,224;3,154;2,31M;1,32%
3.01.2019;3,14;3,21;3,217;3,085;2,07M;-2,61%
4.01.2019;3,161;3,14;3,161;3,105;812,82K;0,67%
7.01.2019;3,154;3,154;3,168;3,133;644,10K;-0,22%
8.01.2019;3,133;3,126;3,147;3,112;716,83K;-0,67%
9.01.2019;3,154;3,133;3,154;3,112;1,36M;0,67%
10.01.2019;3,154;3,133;3,168;3,126;731,54K;0,00%
11.01.2019;3,133;3,154;3,161;3,126;497,42K;-0,67%
14.01.2019;3,133;3,133;3,14;3,112;281,77K;0,00%
15.01.2019;3,105;3,14;3,14;3,085;1,34M;-0,89%
16.01.2019;3,119;3,112;3,126;3,099;717,91K;0,45%
17.01.2019;3,154;3,147;3,175;3,133;2,20M;1,12%
18.01.2019;3,189;3,161;3,21;3,161;10,37M;1,11%
21.01.2019;3,175;3,217;3,224;3,161;1,78M;-0,44%
22.01.2019;3,203;3,175;3,203;3,175;903,41K;0,88%
23.01.2019;3,3;3,21;3,3;3,189;2,96M;3,03%
24.01.2019;3,3;3,307;3,328;3,279;1,33M;0,00%
25.01.2019;3,349;3,307;3,356;3,279;1,04M;1,48%
28.01.2019;3,342;3,349;3,363;3,321;922,09K;-0,21%
29.01.2019;3,682;3,335;3,682;3,328;3,82M;10,17%
30.01.2019;3,446;3,647;3,647;3,446;3,67M;-6,41%
31.01.2019;3,432;3,474;3,501;3,432;1,36M;-0,41%
1.02.2019;3,404;3,425;3,453;3,397;973,55K;-0,82%
4.02.2019;3,376;3,418;3,439;3,369;1,07M;-0,82%
5.02.2019;3,39;3,363;3,474;3,363;1,57M;0,41%
6.02.2019;3,432;3,404;3,46;3,39;1,40M;1,24%
7.02.2019;3,404;3,474;3,501;3,404;853,10K;-0,82%
8.02.2019;3,418;3,411;3,467;3,376;628,39K;0,41%
11.02.2019;3,501;3,439;3,536;3,439;1,60M;2,43%
12.02.2019;3,508;3,481;3,543;3,46;1,83M;0,20%
13.02.2019;3,467;3,515;3,543;3,467;1,60M;-1,17%
14.02.2019;3,293;3,467;3,488;3,286;3,01M;-5,02%
15.02.2019;3,342;3,3;3,397;3,3;1,48M;1,49%
18.02.2019;3,39;3,369;3,404;3,356;872,60K;1,44%
19.02.2019;3,376;3,39;3,397;3,356;581,71K;-0,41%
20.02.2019;3,46;3,383;3,488;3,369;1,68M;2,49%
21.02.2019;3,418;3,46;3,508;3,418;1,32M;-1,21%
22.02.2019;3,467;3,446;3,495;3,439;2,55M;1,43%
25.02.2019;3,474;3,481;3,515;3,467;1,33M;0,20%
26.02.2019;3,474;3,467;3,508;3,46;1,37M;0,00%
27.02.2019;3,467;3,474;3,495;3,46;612,26K;-0,20%
28.02.2019;3,474;3,474;3,488;3,446;555,53K;0,20%
1.03.2019;3,488;3,481;3,495;3,446;909,47K;0,40%
4.03.2019;3,481;3,508;3,529;3,481;680,42K;-0,20%
5.03.2019;3,376;3,474;3,481;3,363;3,32M;-3,02%
6.03.2019;3,383;3,383;3,453;3,369;2,92M;0,21%
7.03.2019;3,418;3,383;3,439;3,363;1,90M;1,03%
8.03.2019;3,404;3,39;3,446;3,39;987,18K;-0,41%
11.03.2019;3,432;3,418;3,453;3,411;714,77K;0,82%
12.03.2019;3,481;3,446;3,495;3,446;2,24M;1,43%
13.03.2019;3,446;3,474;3,508;3,425;2,86M;-1,01%
14.03.2019;3,474;3,46;3,501;3,432;4,05M;0,81%
15.03.2019;3,425;3,501;3,501;3,425;2,64M;-1,41%
18.03.2019;3,404;3,439;3,446;3,39;3,39M;-0,61%
19.03.2019;3,432;3,404;3,446;3,39;2,68M;0,82%
20.03.2019;3,446;3,425;3,453;3,411;1,95M;0,41%
21.03.2019;3,46;3,446;3,481;3,425;1,87M;0,41%
22.03.2019;3,397;3,474;3,474;3,251;7,71M;-1,82%
25.03.2019;3,397;3,39;3,411;3,376;1,31M;0,00%
26.03.2019;3,432;3,335;3,446;3,335;3,02M;1,03%
27.03.2019;3,286;3,418;3,418;3,272;1,91M;-4,25%
28.03.2019;3,244;3,321;3,335;3,231;1,58M;-1,28%
29.03.2019;3,189;3,272;3,307;3,182;3,60M;-1,70%
1.04.2019;3,307;3,189;3,307;3,161;1,12M;3,70%
2.04.2019;3,258;3,314;3,349;3,244;4,48M;-1,48%
3.04.2019;3,328;3,272;3,328;3,251;1,07M;2,15%
4.04.2019;3,363;3,328;3,363;3,293;904,76K;1,05%
5.04.2019;3,383;3,349;3,383;3,335;761,29K;0,59%
8.04.2019;3,404;3,383;3,404;3,314;1,12M;0,62%
9.04.2019;3,397;3,411;3,425;3,369;810,18K;-0,21%
10.04.2019;3,411;3,397;3,418;3,376;573,81K;0,41%
11.04.2019;3,446;3,418;3,46;3,376;3,01M;1,03%
12.04.2019;3,446;3,446;3,446;3,411;316,97K;0,00%
15.04.2019;3,488;3,467;3,508;3,425;1,09M;1,22%
16.04.2019;3,515;3,488;3,529;3,474;627,55K;0,77%
17.04.2019;3,623;3,551;3,623;3,508;2,77M;3,07%
18.04.2019;3,73;3,616;3,73;3,537;2,76M;2,95%
19.04.2019;3,651;3,694;3,723;3,616;513,40K;-2,12%
22.04.2019;3,63;3,644;3,644;3,573;327,87K;-0,58%
24.04.2019;3,744;3,616;3,744;3,608;2,64M;3,14%
25.04.2019;3,716;3,759;3,766;3,673;3,16M;-0,75%
26.04.2019;3,694;3,723;3,752;3,644;3,37M;-0,59%
29.04.2019;3,651;3,694;3,702;3,623;1,55M;-1,16%
30.04.2019;3,845;3,659;3,895;3,659;3,71M;5,31%
2.05.2019;3,78;3,838;3,923;3,752;2,98M;-1,69%
3.05.2019;3,802;3,787;3,881;3,644;2,33M;0,58%
6.05.2019;3,716;3,795;3,795;3,687;1,09M;-2,26%
7.05.2019;3,651;3,673;3,716;3,565;4,32M;-1,75%
8.05.2019;3,623;3,659;3,673;3,608;1,64M;-0,77%
9.05.2019;3,687;3,637;3,687;3,558;1,55M;1,77%
10.05.2019;3,723;3,795;3,866;3,702;2,56M;0,98%
13.05.2019;3,73;3,759;3,78;3,694;1,03M;0,19%
14.05.2019;3,587;3,752;3,766;3,573;1,79M;-3,83%
15.05.2019;3,58;3,594;3,601;3,551;1,29M;-0,20%
16.05.2019;3,58;3,573;3,608;3,544;1,54M;0,00%
17.05.2019;3,558;3,58;3,594;3,53;593,73K;-0,61%
20.05.2019;3,48;3,573;3,573;3,48;902,28K;-2,19%
21.05.2019;3,608;3,501;3,616;3,48;1,68M;3,68%
22.05.2019;3,58;3,587;3,608;3,565;736,83K;-0,78%
23.05.2019;3,58;3,565;3,601;3,565;569,70K;0,00%
24.05.2019;3,651;3,616;3,659;3,594;655,66K;1,98%
27.05.2019;3,716;3,687;3,759;3,659;626,99K;1,78%
28.05.2019;3,687;3,744;3,759;3,644;1,34M;-0,78%
29.05.2019;3,687;3,687;3,709;3,63;1,90M;0,00%
30.05.2019;3,752;3,63;3,752;3,63;786,93K;1,76%
31.05.2019;3,795;3,759;3,795;3,709;851,59K;1,15%
3.06.2019;3,787;3,759;3,802;3,759;81,45K;-0,21%
7.06.2019;3,809;3,787;3,823;3,723;718,10K;0,58%
10.06.2019;3,809;3,816;3,852;3,437;2,59M;0,00%
11.06.2019;3,759;3,809;3,823;3,737;605,60K;-1,31%
12.06.2019;3,68;3,759;3,766;3,637;1,59M;-2,10%
13.06.2019;3,68;3,666;3,709;3,623;1,53M;0,00%
14.06.2019;3,659;3,666;3,709;3,63;344,15K;-0,57%
17.06.2019;3,709;3,644;3,73;3,644;565,05K;1,37%
18.06.2019;3,723;3,723;3,744;3,694;637,84K;0,38%
19.06.2019;3,716;3,737;3,744;3,709;417,54K;-0,19%
20.06.2019;3,709;3,716;3,744;3,666;568,10K;-0,19%
21.06.2019;3,852;3,709;3,852;3,687;1,26M;3,86%
24.06.2019;3,752;3,852;3,866;3,73;739,12K;-2,60%
25.06.2019;3,83;3,752;3,866;3,744;3,47M;2,08%
26.06.2019;3,938;3,83;3,938;3,823;2,27M;2,82%
27.06.2019;3,866;3,945;4,024;3,866;2,29M;-1,83%
28.06.2019;3,916;3,873;3,959;3,795;2,08M;1,29%
1.07.2019;3,938;3,974;3,995;3,873;1,22M;0,56%
2.07.2019;4,131;3,952;4,153;3,902;3,66M;4,90%
3.07.2019;4,081;4,138;4,224;4,045;3,59M;-1,21%
4.07.2019;4,024;4,102;4,217;4,002;2,86M;-1,40%
5.07.2019;4,16;4,06;4,239;4,038;3,49M;3,38%
8.07.2019;4,088;4,06;4,246;4,06;4,39M;-1,73%
9.07.2019;4,21;4,11;4,246;4,11;2,24M;2,98%
10.07.2019;4,253;4,231;4,281;4,167;4,13M;1,02%
11.07.2019;4,274;4,26;4,274;4,21;947,68K;0,49%
12.07.2019;4,174;4,239;4,281;4,153;2,60M;-2,34%
16.07.2019;4,203;4,174;4,246;4,124;3,72M;0,69%
17.07.2019;4,188;4,217;4,217;4,145;1,10M;-0,36%
18.07.2019;4,16;4,21;4,21;4,145;2,28M;-0,67%
19.07.2019;4,138;4,174;4,174;4,138;2,58M;-0,53%
22.07.2019;4,196;4,145;4,196;4,138;696,16K;1,40%
23.07.2019;4,145;4,196;4,239;4,145;947,59K;-1,22%
24.07.2019;4,153;4,153;4,196;4,145;576,71K;0,19%
25.07.2019;4,117;4,16;4,181;4,117;1,31M;-0,87%
26.07.2019;4,16;4,124;4,181;4,117;1,14M;1,04%
29.07.2019;4,138;4,167;4,167;4,102;2,62M;-0,53%
30.07.2019;4,239;4,138;4,267;4,117;3,54M;2,44%
31.07.2019;4,367;4,246;4,41;4,203;5,28M;3,02%
1.08.2019;4,281;4,324;4,425;4,281;3,33M;-1,97%
2.08.2019;4,203;4,274;4,332;4,203;862,17K;-1,82%
5.08.2019;4,145;4,203;4,239;4,117;1,05M;-1,38%
6.08.2019;4,067;4,167;4,181;4,045;1,65M;-1,88%
7.08.2019;4,038;4,081;4,11;4,031;963,41K;-0,71%
8.08.2019;4,031;4,052;4,074;4,002;1,13M;-0,17%
9.08.2019;3,952;4,153;4,16;3,952;1,73M;-1,96%
15.08.2019;3,83;3,938;3,952;3,816;1,05M;-3,09%
16.08.2019;3,888;3,859;3,902;3,83;1,27M;1,51%
19.08.2019;3,902;3,881;3,981;3,859;1,12M;0,36%
20.08.2019;3,895;3,923;3,974;3,881;546,09K;-0,18%
21.08.2019;3,916;3,902;3,923;3,881;443,79K;0,54%
22.08.2019;3,959;3,923;3,974;3,895;1,01M;1,10%
23.08.2019;3,974;3,923;3,974;3,916;426,75K;0,38%
26.08.2019;4,081;3,974;4,167;3,974;2,70M;2,69%
27.08.2019;4,138;4,088;4,196;4,045;2,17M;1,40%
28.08.2019;4,095;4,188;4,203;4,095;2,80M;-1,04%
29.08.2019;4,153;4,088;4,181;4,088;784,78K;1,42%
2.09.2019;4,138;4,124;4,203;4,124;693,10K;-0,36%
3.09.2019;4,11;4,138;4,153;4,095;986,19K;-0,68%
4.09.2019;4,088;4,131;4,16;4,088;1,42M;-0,54%
5.09.2019;4,088;4,102;4,124;4,074;2,72M;0,00%
6.09.2019;4,06;4,088;4,102;4,06;1,43M;-0,68%
9.09.2019;3,995;4,067;4,095;3,995;1,69M;-1,60%
10.09.2019;3,981;3,988;4,009;3,959;4,11M;-0,35%
11.09.2019;4,017;4,045;4,06;4,017;1,25M;0,90%
12.09.2019;4,045;4,031;4,081;4,009;2,83M;0,70%
13.09.2019;4,081;4,052;4,102;4,052;1,34M;0,89%
16.09.2019;4,088;4,081;4,11;4,06;1,03M;0,17%
17.09.2019;4,024;4,095;4,095;4,024;2,90M;-1,57%
18.09.2019;3,995;4,024;4,06;3,995;1,82M;-0,72%
19.09.2019;3,945;4,009;4,017;3,938;1,64M;-1,25%
20.09.2019;4,009;3,952;4,009;3,923;2,47M;1,62%
23.09.2019;4,024;4,009;4,074;3,995;2,59M;0,37%
24.09.2019;4,031;4,038;4,052;4,017;1,44M;0,17%
25.09.2019;3,995;4,024;4,045;3,981;2,20M;-0,89%
26.09.2019;4,009;4,002;4,052;3,995;2,80M;0,35%
27.09.2019;4,031;4,017;4,088;4,009;2,55M;0,55%
30.09.2019;4,045;4,045;4,081;4,031;1,92M;0,35%
1.10.2019;4,11;4,052;4,167;4,052;2,87M;1,61%
2.10.2019;4,124;4,117;4,188;4,102;3,19M;0,34%
3.10.2019;4,138;4,138;4,167;4,131;1,55M;0,34%
4.10.2019;4,124;4,145;4,153;4,102;2,82M;-0,34%
7.10.2019;4,203;4,124;4,224;4,117;5,90M;1,92%
8.10.2019;4,188;4,231;4,239;4,153;2,00M;-0,36%
9.10.2019;4,117;4,196;4,231;4,088;2,92M;-1,70%
10.10.2019;4,131;4,124;4,196;4,095;8,14M;0,34%
11.10.2019;4,153;4,124;4,174;4,124;1,23M;0,53%
14.10.2019;4,095;4,153;4,153;4,074;1,44M;-1,40%
15.10.2019;4,081;4,11;4,11;4,067;437,26K;-0,34%
16.10.2019;3,931;4,067;4,074;3,931;1,13M;-3,68%
17.10.2019;3,959;3,909;3,966;3,895;968,20K;0,71%
18.10.2019;4,002;4,002;4,153;3,995;1,24M;1,09%
21.10.2019;3,966;4,017;4,038;3,952;976,08K;-0,90%
22.10.2019;3,945;3,952;3,981;3,938;720,68K;-0,53%
23.10.2019;4,002;3,966;4,009;3,959;666,53K;1,44%
24.10.2019;4,045;4,038;4,074;4,009;1,77M;1,07%
25.10.2019;4,081;4,052;4,102;4,038;878,91K;0,89%
28.10.2019;4,102;4,088;4,11;4,081;209,46K;0,51%
30.10.2019;4,117;4,081;4,145;4,06;930,15K;0,37%
31.10.2019;4,131;4,124;4,181;4,081;1,24M;0,34%
1.11.2019;4,102;4,138;4,153;4,095;431,59K;-0,70%
4.11.2019;4,153;4,11;4,16;4,11;1,50M;1,24%
5.11.2019;4,117;4,16;4,181;4,11;707,77K;-0,87%
6.11.2019;4,11;4,131;4,138;4,102;1,66M;-0,17%
7.11.2019;4,131;4,117;4,16;4,117;1,21M;0,51%
8.11.2019;4,131;4,138;4,174;4,117;876,74K;0,00%
11.11.2019;4,16;4,153;4,203;4,131;2,03M;0,70%
12.11.2019;4,188;4,174;4,188;4,145;4,05M;0,67%
13.11.2019;4,225;4,254;4,254;4,188;2,05M;0,88%
14.11.2019;4,254;4,232;4,262;4,218;1,05M;0,69%
15.11.2019;4,247;4,254;4,269;4,232;2,02M;-0,16%
18.11.2019;4,247;4,254;4,276;4,232;7,29M;0,00%
19.11.2019;4,262;4,254;4,269;4,24;2,31M;0,35%
20.11.2019;4,232;4,269;4,276;4,225;1,78M;-0,70%
21.11.2019;4,225;4,24;4,254;4,21;788,62K;-0,17%
22.11.2019;4,247;4,225;4,262;4,225;857,38K;0,52%
25.11.2019;4,21;4,269;4,291;4,21;3,39M;-0,87%
26.11.2019;4,232;4,218;4,24;4,166;4,55M;0,52%
27.11.2019;4,21;4,232;4,262;4,203;1,53M;-0,52%
28.11.2019;4,218;4,21;4,24;4,21;1,69M;0,19%
29.11.2019;4,225;4,225;4,232;4,21;1,06M;0,17%
2.12.2019;4,247;4,247;4,269;4,24;4,62M;0,52%
3.12.2019;4,218;4,247;4,254;4,218;2,60M;-0,68%
4.12.2019;4,232;4,218;4,262;4,218;7,00M;0,33%
5.12.2019;4,262;4,247;4,32;4,24;16,73M;0,71%
6.12.2019;4,35;4,291;4,372;4,291;17,20M;2,06%
9.12.2019;4,452;4,379;4,533;4,379;11,97M;2,34%
10.12.2019;4,394;4,467;4,496;4,372;7,17M;-1,30%
11.12.2019;4,46;4,401;4,489;4,364;5,17M;1,50%
12.12.2019;4,489;4,474;4,518;4,467;4,57M;0,65%
13.12.2019;4,452;4,496;4,54;4,445;4,01M;-0,82%
16.12.2019;4,423;4,474;4,489;4,423;2,65M;-0,65%
17.12.2019;4,614;4,438;4,614;4,438;5,35M;4,32%
18.12.2019;4,57;4,606;4,621;4,46;4,66M;-0,95%
19.12.2019;4,533;4,614;4,636;4,518;3,85M;-0,81%
20.12.2019;4,526;4,548;4,599;4,518;3,97M;-0,15%
23.12.2019;4,518;4,526;4,54;4,496;2,17M;-0,18%
24.12.2019;4,584;4,526;4,592;4,526;1,96M;1,46%
25.12.2019;4,577;4,584;4,599;4,562;817,73K;-0,15%
26.12.2019;4,621;4,577;4,636;4,577;2,22M;0,96%
27.12.2019;4,606;4,628;4,673;4,592;3,54M;-0,32%
30.12.2019;4,724;4,621;4,753;4,614;3,21M;2,56%
31.12.2019;4,709;4,724;4,768;4,687;1,70M;-0,32%
2.01.2020;4,717;4,717;4,746;4,68;1,20M;0,17%
3.01.2020;4,702;4,695;4,709;4,621;2,61M;-0,32%
6.01.2020;4,621;4,665;4,665;4,555;1,26M;-1,72%
7.01.2020;4,702;4,643;4,731;4,643;1,64M;1,75%
8.01.2020;4,658;4,68;4,695;4,606;1,92M;-0,94%
9.01.2020;4,775;4,724;4,775;4,709;2,90M;2,51%
10.01.2020;4,717;4,79;4,805;4,717;1,62M;-1,21%
13.01.2020;4,739;4,724;4,768;4,724;1,65M;0,47%
14.01.2020;4,9;4,746;4,9;4,724;2,81M;3,40%
15.01.2020;4,805;4,893;4,893;4,797;1,91M;-1,94%
16.01.2020;4,812;4,812;4,863;4,797;1,49M;0,15%
17.01.2020;4,783;4,834;4,841;4,775;3,17M;-0,60%
20.01.2020;4,849;4,761;4,878;4,761;1,27M;1,38%
21.01.2020;4,827;4,827;4,871;4,797;2,97M;-0,45%
22.01.2020;4,929;4,834;4,966;4,834;4,30M;2,11%
23.01.2020;4,871;4,929;4,929;4,863;1,25M;-1,18%
24.01.2020;4,9;4,878;4,915;4,856;2,27M;0,60%
27.01.2020;4,922;4,9;4,959;4,878;1,91M;0,45%
28.01.2020;4,893;4,944;4,944;4,863;3,05M;-0,59%
29.01.2020;4,885;4,893;4,907;4,856;2,40M;-0,16%
30.01.2020;4,885;4,871;4,915;4,849;1,81M;0,00%
31.01.2020;5,171;4,863;5,186;4,863;4,22M;5,85%
3.02.2020;5,083;5,223;5,223;5,069;2,56M;-1,70%
4.02.2020;5,076;5,091;5,12;5,061;2,37M;-0,14%
5.02.2020;5,12;5,098;5,127;5,069;2,49M;0,87%
6.02.2020;5,01;5,135;5,171;5,01;3,79M;-2,15%
7.02.2020;5,003;5,025;5,047;4,966;1,85M;-0,14%
10.02.2020;4,849;4,995;4,995;4,702;3,21M;-3,08%
11.02.2020;4,812;4,944;4,944;4,746;2,40M;-0,76%
12.02.2020;4,834;4,819;4,907;4,775;2,80M;0,46%
13.02.2020;4,922;4,827;4,973;4,819;3,31M;1,82%
14.02.2020;4,929;4,929;4,966;4,907;2,60M;0,14%
17.02.2020;4,944;4,951;4,988;4,944;1,69M;0,30%
18.02.2020;4,981;4,944;5,01;4,929;2,42M;0,75%
19.02.2020;5,01;5,069;5,091;4,973;3,45M;0,58%
20.02.2020;4,797;5,025;5,039;4,761;4,69M;-4,25%
21.02.2020;4,863;4,783;4,907;4,717;2,86M;1,38%
24.02.2020;4,841;4,834;4,849;4,746;1,80M;-0,45%
25.02.2020;4,856;4,863;4,907;4,812;2,31M;0,31%
26.02.2020;4,929;4,871;4,988;4,871;3,82M;1,50%
27.02.2020;4,797;4,907;4,929;4,775;3,31M;-2,68%
28.02.2020;4,717;4,35;4,834;4,298;2,34M;-1,67%
2.03.2020;4,665;4,753;4,834;4,577;2,53M;-1,10%
3.03.2020;4,753;4,687;4,768;4,687;497,27K;1,89%
4.03.2020;4,863;4,746;4,915;4,724;2,23M;2,31%
5.03.2020;4,863;5,069;5,34;4,834;5,18M;0,00%
6.03.2020;4,973;4,878;4,973;4,841;3,19M;2,26%
9.03.2020;4,702;4,841;4,841;4,54;3,16M;-5,45%
10.03.2020;4,298;4,702;4,79;4,298;3,47M;-8,59%
11.03.2020;4,181;4,254;4,291;4,166;2,98M;-2,72%
12.03.2020;4,034;4,034;4,174;4,02;2,08M;-3,52%
13.03.2020;4,328;4,027;4,401;4,02;2,36M;7,29%
16.03.2020;4,115;4,284;4,291;4,115;2,47M;-4,92%
17.03.2020;4,166;4,144;4,291;4,1;3,54M;1,24%
18.03.2020;4,196;4,166;4,218;4,078;1,22M;0,72%
19.03.2020;4,115;4,159;4,24;4,115;2,69M;-1,93%
20.03.2020;4,166;4,13;4,218;4,13;1,46M;1,24%
23.03.2020;4,291;4,166;4,313;4,093;2,08M;3,00%
24.03.2020;4,408;4,32;4,452;4,32;2,33M;2,73%
25.03.2020;4,298;4,416;4,445;4,291;3,02M;-2,50%
26.03.2020;4,328;4,306;4,386;4,291;1,39M;0,70%
27.03.2020;4,174;4,35;4,379;4,137;1,27M;-3,56%
30.03.2020;4,188;4,152;4,218;4,108;1,43M;0,34%
31.03.2020;4,562;4,21;4,562;4,21;2,52M;8,93%
1.04.2020;4,43;4,548;4,643;4,401;1,55M;-2,89%
2.04.2020;4,306;4,452;4,482;4,298;893,17K;-2,80%
3.04.2020;4,372;4,32;4,401;4,313;501,95K;1,53%
6.04.2020;4,548;4,401;4,717;4,401;694,90K;4,03%
7.04.2020;4,416;4,643;4,673;4,416;1,59M;-2,90%
8.04.2020;4,489;4,423;4,555;4,423;2,20M;1,65%
9.04.2020;4,606;4,526;4,628;4,518;1,25M;2,61%
10.04.2020;4,768;4,651;4,805;4,614;1,69M;3,52%
13.04.2020;5,039;4,768;5,091;4,709;2,38M;5,68%
14.04.2020;4,858;5,115;5,152;4,813;2,68M;-3,59%
15.04.2020;4,55;4,881;4,881;4,55;2,43M;-6,34%
16.04.2020;4,557;4,58;4,587;4,489;1,88M;0,15%
17.04.2020;4,881;4,602;4,971;4,602;5,90M;7,11%
20.04.2020;4,843;4,896;5,002;4,821;2,36M;-0,78%
21.04.2020;4,798;4,843;4,941;4,693;3,08M;-0,93%
22.04.2020;4,813;4,828;4,866;4,73;2,79M;0,31%
24.04.2020;4,745;4,813;4,836;4,745;1,49M;-1,41%
27.04.2020;4,761;4,791;4,813;4,723;2,51M;0,34%
28.04.2020;4,663;4,776;4,783;4,663;1,39M;-2,06%
29.04.2020;4,715;4,678;4,783;4,655;1,18M;1,12%
30.04.2020;4,557;4,761;4,761;4,557;1,87M;-3,35%
4.05.2020;4,64;4,55;4,7;4,527;1,70M;1,82%
5.05.2020;4,617;4,663;4,678;4,587;704,57K;-0,50%
6.05.2020;4,535;4,633;4,64;4,535;1,44M;-1,78%
7.05.2020;4,64;4,535;4,678;4,52;2,45M;2,32%
8.05.2020;4,678;4,678;4,73;4,64;1,96M;0,82%
11.05.2020;4,708;4,685;4,791;4,685;2,21M;0,64%
12.05.2020;4,73;4,715;4,783;4,708;2,57M;0,47%
13.05.2020;4,745;4,715;4,745;4,685;2,32M;0,32%
14.05.2020;4,663;4,745;4,745;4,648;1,10M;-1,73%
15.05.2020;4,663;4,708;4,708;4,633;1,25M;0,00%
18.05.2020;4,67;4,723;4,723;4,648;1,72M;0,15%
20.05.2020;4,61;4,67;4,7;4,595;1,95M;-1,28%
21.05.2020;4,595;4,61;4,7;4,595;2,66M;-0,33%
22.05.2020;4,625;4,602;4,655;4,595;1,48M;0,65%
27.05.2020;4,792;4,691;4,817;4,682;3,84M;3,61%
28.05.2020;4,792;4,834;4,834;4,733;1,57M;0,00%
29.05.2020;4,632;4,775;4,783;4,632;4,78M;-3,34%
1.06.2020;4,648;4,64;4,665;4,632;1,82M;0,35%
2.06.2020;4,657;4,657;4,682;4,64;4,40M;0,19%
3.06.2020;4,598;4,674;4,682;4,581;4,60M;-1,27%
4.06.2020;4,615;4,606;4,632;4,573;3,78M;0,37%
5.06.2020;4,648;4,623;4,674;4,615;3,25M;0,72%
8.06.2020;4,682;4,665;4,699;4,648;6,29M;0,73%
9.06.2020;4,708;4,699;4,75;4,674;10,08M;0,56%
10.06.2020;4,682;4,733;4,758;4,682;8,83M;-0,55%
11.06.2020;4,682;4,682;4,75;4,674;6,11M;0,00%
12.06.2020;4,699;4,657;4,708;4,64;3,58M;0,36%
15.06.2020;4,809;4,691;4,935;4,665;17,56M;2,34%
16.06.2020;4,885;4,902;4,952;4,859;12,83M;1,58%
17.06.2020;4,918;4,918;4,927;4,859;5,15M;0,68%
18.06.2020;4,952;4,935;5,02;4,893;9,43M;0,69%
19.06.2020;4,978;4,994;5,07;4,927;13,50M;0,53%
22.06.2020;5,475;5,053;5,475;5,037;25,08M;9,98%
23.06.2020;5,29;5,442;5,492;5,239;21,07M;-3,38%
24.06.2020;5,07;5,29;5,29;5,045;10,90M;-4,16%
25.06.2020;5,172;5,053;5,256;5,011;10,46M;2,01%
26.06.2020;5,188;5,205;5,264;5,146;5,50M;0,31%
29.06.2020;5,231;5,172;5,34;5,138;12,31M;0,83%
30.06.2020;5,197;5,239;5,281;5,197;5,50M;-0,65%
1.07.2020;5,349;5,222;5,349;5,172;6,85M;2,92%
2.07.2020;5,357;5,357;5,399;5,307;6,08M;0,15%
3.07.2020;5,247;5,357;5,416;5,231;5,25M;-2,05%
6.07.2020;5,273;5,298;5,323;5,256;5,14M;0,50%
7.07.2020;5,323;5,273;5,467;5,264;17,71M;0,95%
8.07.2020;5,382;5,61;5,661;5,382;25,39M;1,11%
9.07.2020;5,104;5,408;5,501;5,104;8,84M;-5,17%
10.07.2020;5,037;5,104;5,121;4,859;7,86M;-1,31%
13.07.2020;5,146;5,163;5,188;5,104;4,76M;2,16%
14.07.2020;5,146;5,138;5,214;5,096;5,24M;0,00%
16.07.2020;5,366;5,188;5,399;5,172;13,45M;4,28%
17.07.2020;5,323;5,391;5,442;5,323;7,23M;-0,80%
20.07.2020;5,695;5,332;5,804;5,332;39,92M;6,99%
21.07.2020;5,399;5,771;5,804;5,399;19,15M;-5,20%
22.07.2020;5,357;5,442;5,501;5,222;11,89M;-0,78%
23.07.2020;5,467;5,408;5,517;5,391;11,85M;2,05%
24.07.2020;5,442;5,442;5,526;5,399;6,01M;-0,46%
27.07.2020;5,433;5,501;5,551;5,433;7,99M;-0,17%
28.07.2020;5,323;5,458;5,475;5,298;8,31M;-2,02%
29.07.2020;5,475;5,349;5,551;5,197;12,13M;2,86%
30.07.2020;5,475;5,534;5,551;5,467;2,64M;0,00%
4.08.2020;5,231;5,568;5,568;5,062;9,48M;-4,46%
5.08.2020;5,433;5,231;5,433;5,07;7,75M;3,86%
6.08.2020;5,315;5,484;5,484;5,062;8,16M;-2,17%
7.08.2020;5,391;5,256;5,442;4,918;9,11M;1,43%
10.08.2020;5,416;5,298;5,509;5,214;9,85M;0,46%
11.08.2020;5,408;5,467;5,484;5,399;6,44M;-0,15%
12.08.2020;5,509;5,433;5,517;5,399;7,22M;1,87%
13.08.2020;5,711;5,568;5,737;5,526;19,01M;3,67%
14.08.2020;5,442;5,72;5,72;5,442;12,15M;-4,71%
17.08.2020;5,425;5,475;5,492;5,416;4,35M;-0,31%
18.08.2020;5,551;5,425;5,56;5,416;3,92M;2,32%
19.08.2020;5,602;5,543;5,627;5,526;4,07M;0,92%
20.08.2020;5,585;5,636;5,754;5,526;10,18M;-0,30%
21.08.2020;5,585;5,745;6,015;5,56;23,68M;0,00%
24.08.2020;5,585;5,585;5,619;5,501;5,00M;0,00%
25.08.2020;5,543;5,593;5,61;5,517;4,58M;-0,75%
26.08.2020;5,576;5,526;5,585;5,517;4,76M;0,60%
27.08.2020;5,534;5,593;5,61;5,526;3,68M;-0,75%
28.08.2020;5,475;5,551;5,551;5,467;3,05M;-1,07%
31.08.2020;5,391;5,475;5,475;5,391;2,83M;-1,53%
1.09.2020;5,492;5,399;5,501;5,374;3,97M;1,87%
2.09.2020;5,467;5,492;5,501;5,442;1,95M;-0,46%
3.09.2020;5,475;5,45;5,526;5,433;2,36M;0,15%
4.09.2020;5,56;5,492;5,627;5,467;5,53M;1,55%
7.09.2020;5,636;5,568;5,652;5,568;2,91M;1,37%
8.09.2020;5,636;5,644;5,678;5,585;2,53M;0,00%
9.09.2020;5,678;5,652;5,703;5,627;3,24M;0,75%
10.09.2020;5,661;5,678;5,703;5,636;1,38M;-0,30%
11.09.2020;5,619;5,652;5,652;5,61;1,22M;-0,74%
14.09.2020;5,636;5,627;5,695;5,61;1,58M;0,30%
15.09.2020;5,703;5,644;5,745;5,636;4,32M;1,19%
16.09.2020;5,661;5,703;5,72;5,636;2,04M;-0,74%
17.09.2020;5,652;5,661;5,703;5,627;1,88M;-0,16%
18.09.2020;6,074;5,686;6,074;5,661;6,97M;7,47%
21.09.2020;5,804;6,057;6,057;5,762;4,67M;-4,45%
22.09.2020;5,796;5,804;5,855;5,728;2,49M;-0,14%
23.09.2020;5,779;5,88;5,88;5,771;2,50M;-0,29%
24.09.2020;5,754;5,762;5,804;5,72;4,05M;-0,43%
25.09.2020;5,695;5,787;5,796;5,644;5,16M;-1,03%
28.09.2020;5,745;5,695;5,779;5,644;4,43M;0,88%
29.09.2020;5,838;5,771;5,855;5,754;3,98M;1,62%
30.09.2020;5,939;5,872;5,939;5,846;2,78M;1,73%
1.10.2020;5,838;5,981;5,99;5,838;2,31M;-1,70%
2.10.2020;5,804;5,83;5,872;5,804;2,71M;-0,58%
5.10.2020;5,88;5,846;5,88;5,821;2,33M;1,31%
6.10.2020;5,948;5,889;6,184;5,863;12,00M;1,16%
7.10.2020;6,15;5,948;6,15;5,948;4,27M;3,40%
8.10.2020;6,116;6,175;6,192;6,007;3,31M;-0,55%
9.10.2020;6,032;6,116;6,15;6,024;3,24M;-1,37%
12.10.2020;5,906;6,032;6,125;5,906;3,77M;-2,09%
13.10.2020;5,965;5,939;6,04;5,931;3,39M;1,00%
14.10.2020;6,032;5,973;6,074;5,956;4,06M;1,12%
15.10.2020;6,015;6,04;6,049;5,99;2,29M;-0,28%
16.10.2020;6,066;6,049;6,175;6,024;4,81M;0,85%
19.10.2020;6,083;6,116;6,116;6,032;3,95M;0,28%
20.10.2020;6,142;6,1;6,175;6,057;4,37M;0,97%
21.10.2020;6,032;6,15;6,167;6,015;3,21M;-1,79%
22.10.2020;6,192;6,032;6,192;5,99;3,08M;2,65%
23.10.2020;6,032;6,116;6,125;5,99;2,99M;-2,58%
26.10.2020;6,074;5,99;6,074;5,88;6,11M;0,70%
27.10.2020;6,074;6,032;6,175;5,948;4,99M;0,00%
28.10.2020;6,091;6,066;6,142;6,057;2,39M;0,28%
30.10.2020;6,083;5,99;6,116;5,99;4,85M;-0,13%
2.11.2020;6,074;6,083;6,159;6,032;5,51M;-0,15%
3.11.2020;6,032;6,074;6,175;6,032;6,48M;-0,69%
4.11.2020;6,108;6,049;6,142;6,049;4,97M;1,26%
5.11.2020;6,386;6,116;6,429;6,116;7,47M;4,55%
6.11.2020;6,412;6,361;6,462;6,26;3,80M;0,41%
9.11.2020;6,479;6,488;6,597;6,378;5,16M;1,04%
10.11.2020;6,268;6,471;6,471;6,268;3,77M;-3,26%
11.11.2020;6,218;6,294;6,319;6,192;3,84M;-0,80%
12.11.2020;6,167;6,251;6,31;6,083;5,73M;-0,82%
13.11.2020;6,142;6,175;6,218;6,091;4,25M;-0,41%
16.11.2020;6,184;6,159;6,243;6,116;4,17M;0,68%
17.11.2020;6,057;6,175;6,184;6,057;3,44M;-2,05%
18.11.2020;6,108;6,066;6,133;6,066;2,14M;0,84%
19.11.2020;6,125;6,116;6,175;6,049;2,74M;0,28%
20.11.2020;6,083;6,125;6,15;6,066;2,84M;-0,69%
23.11.2020;6,04;6,091;6,142;6,007;4,33M;-0,71%
24.11.2020;6,024;6,066;6,074;5,998;2,65M;-0,26%
25.11.2020;5,973;6,049;6,1;5,973;3,52M;-0,85%
26.11.2020;5,99;5,998;6,007;5,939;2,27M;0,28%
27.11.2020;5,948;5,998;6,049;5,948;2,62M;-0,70%
30.11.2020;5,99;5,922;6,024;5,88;2,79M;0,71%
1.12.2020;6,007;5,998;6,057;5,914;5,21M;0,28%
2.12.2020;6,108;6,024;6,108;6,015;5,68M;1,68%
3.12.2020;6,116;6,15;6,175;6,116;4,73M;0,13%
4.12.2020;6,024;6,116;6,133;6,007;2,67M;-1,50%
7.12.2020;6,032;6,024;6,133;5,981;6,15M;0,13%
8.12.2020;6,015;6,057;6,057;6,007;2,20M;-0,28%
9.12.2020;6,049;6,024;6,074;6,024;2,26M;0,57%
10.12.2020;6,066;6,1;6,184;6,032;7,35M;0,28%
11.12.2020;6,083;6,049;6,108;6,015;5,74M;0,28%
14.12.2020;6,142;6,133;6,243;6,108;9,25M;0,97%
15.12.2020;6,108;6,167;6,167;6,091;4,12M;-0,55%
16.12.2020;6,057;6,125;6,159;6,04;3,42M;-0,83%
17.12.2020;6,201;6,083;6,201;6,057;5,68M;2,38%
18.12.2020;6,125;6,268;6,31;6,125;8,15M;-1,23%
21.12.2020;6,083;6,108;6,175;6,057;5,23M;-0,69%
22.12.2020;6,142;6,125;6,209;6,108;4,96M;0,97%
23.12.2020;6,235;6,159;6,268;6,142;7,97M;1,51%
24.12.2020;6,192;6,26;6,327;6,175;8,07M;-0,69%
25.12.2020;6,184;6,218;6,26;6,175;2,96M;-0,13%
28.12.2020;6,184;6,226;6,243;6,184;4,12M;0,00%
29.12.2020;6,268;6,209;6,31;6,159;9,94M;1,36%
30.12.2020;6,226;6,285;6,294;6,209;4,47M;-0,67%
31.12.2020;6,218;6,243;6,277;6,218;5,34M;-0,13%
4.01.2021;6,285;6,243;6,386;6,235;8,40M;1,08%
5.01.2021;6,564;6,285;6,699;6,251;26,65M;4,44%
6.01.2021;6,825;6,572;7,078;6,521;19,63M;3,98%
7.01.2021;6,791;6,867;6,926;6,715;7,68M;-0,50%
8.01.2021;6,834;6,834;6,918;6,724;5,57M;0,63%
11.01.2021;6,859;6,876;7,002;6,791;7,70M;0,37%
12.01.2021;7,542;6,918;7,542;6,817;14,78M;9,96%
13.01.2021;7,416;7,787;8,259;7,399;32,92M;-1,67%
14.01.2021;7,002;7,416;7,449;7,002;17,87M;-5,58%
15.01.2021;6,918;6,985;7,095;6,842;9,87M;-1,20%
18.01.2021;7,019;6,943;7,12;6,825;13,62M;1,46%
19.01.2021;7,036;7,087;7,103;7,019;8,83M;0,24%
20.01.2021;7,019;7,078;7,078;6,943;5,28M;-0,24%
21.01.2021;6,96;7,053;7,137;6,952;9,02M;-0,84%
22.01.2021;6,876;6,96;6,994;6,817;5,03M;-1,21%
25.01.2021;6,867;6,926;6,935;6,842;5,15M;-0,13%
26.01.2021;6,817;6,867;6,876;6,774;5,63M;-0,73%
27.01.2021;6,513;6,85;6,876;6,513;10,19M;-4,46%
28.01.2021;6,564;6,395;6,589;6,327;9,83M;0,78%
29.01.2021;6,564;6,53;6,606;6,386;7,01M;0,00%
1.02.2021;6,606;6,572;6,707;6,479;7,49M;0,64%
2.02.2021;6,783;6,639;6,943;6,58;10,28M;2,68%
3.02.2021;6,825;6,842;6,901;6,724;6,74M;0,62%
4.02.2021;6,699;6,834;6,859;6,69;5,47M;-1,85%
5.02.2021;6,631;6,715;6,758;6,631;5,63M;-1,02%
8.02.2021;6,589;6,673;6,682;6,53;6,42M;-0,63%
9.02.2021;6,58;6,614;6,732;6,572;7,67M;-0,14%
10.02.2021;6,572;6,623;6,648;6,564;5,80M;-0,12%
11.02.2021;6,547;6,572;6,639;6,538;5,33M;-0,38%
12.02.2021;6,454;6,53;6,538;6,42;6,11M;-1,42%
15.02.2021;6,555;6,547;6,614;6,538;7,28M;1,56%
16.02.2021;6,521;6,614;6,623;6,429;7,21M;-0,52%
17.02.2021;6,445;6,547;6,572;6,429;5,54M;-1,17%
18.02.2021;6,395;6,479;6,488;6,361;6,96M;-0,78%
19.02.2021;6,454;6,412;6,479;6,353;8,62M;0,92%
22.02.2021;6,437;6,504;6,631;6,403;11,81M;-0,26%
23.02.2021;6,285;6,454;6,471;6,277;6,98M;-2,36%
24.02.2021;6,074;6,243;6,268;6,074;7,45M;-3,36%
25.02.2021;6,142;6,125;6,175;6,007;6,98M;1,12%
26.02.2021;5,965;5,99;6,116;5,965;7,42M;-2,88%
1.03.2021;6,159;6,024;6,218;6,024;6,93M;3,25%
2.03.2021;6,201;6,159;6,285;6,116;8,65M;0,68%
3.03.2021;6,361;6,235;6,42;6,226;10,02M;2,58%
4.03.2021;6,614;6,361;6,817;6,327;40,36M;3,98%
5.03.2021;6,665;6,749;6,918;6,656;29,61M;0,77%
8.03.2021;6,589;6,673;6,758;6,58;15,39M;-1,14%
9.03.2021;7,002;6,631;7,103;6,589;40,51M;6,27%
10.03.2021;6,859;7,011;7,036;6,85;11,48M;-2,04%
11.03.2021;7,078;7,002;7,222;6,969;19,46M;3,19%
12.03.2021;6,926;7,087;7,112;6,926;10,27M;-2,15%
15.03.2021;6,96;6,969;7,129;6,918;8,60M;0,49%
16.03.2021;6,909;6,977;7,002;6,85;7,17M;-0,73%
17.03.2021;6,774;6,893;7,044;6,774;10,07M;-1,95%
18.03.2021;6,673;6,8;6,842;6,648;5,43M;-1,49%
19.03.2021;6,614;6,597;6,8;6,555;8,57M;-0,88%
22.03.2021;6,243;6,201;6,513;6,049;11,83M;-5,61%
23.03.2021;6,665;6,243;6,724;6,116;10,76M;6,76%
24.03.2021;6,749;6,69;6,867;6,69;10,20M;1,26%
25.03.2021;6,648;6,749;6,842;6,623;10,54M;-1,50%
26.03.2021;6,564;6,707;6,724;6,42;7,62M;-1,26%
29.03.2021;7,213;6,564;7,213;6,564;25,37M;9,89%
30.03.2021;6,969;7,264;7,576;6,926;46,29M;-3,38%
31.03.2021;6,682;7,019;7,171;6,682;14,80M;-4,12%
1.04.2021;6,867;6,783;6,926;6,774;11,43M;2,77%
2.04.2021;6,85;6,918;6,96;6,774;6,59M;-0,25%
5.04.2021;6,859;6,876;6,926;6,825;6,33M;0,13%
6.04.2021;6,758;6,85;6,867;6,758;4,58M;-1,47%
7.04.2021;6,715;6,749;6,791;6,665;8,21M;-0,64%
8.04.2021;6,766;6,724;6,901;6,724;8,66M;0,76%
9.04.2021;6,673;6,774;6,825;6,564;5,89M;-1,37%
12.04.2021;6,766;6,724;6,825;6,639;7,00M;1,39%
13.04.2021;6,605;6,781;6,816;6,357;13,62M;-2,38%
14.04.2021;6,631;6,605;6,719;6,56;5,27M;0,39%
15.04.2021;6,737;6,649;6,816;6,525;8,25M;1,60%
16.04.2021;7,152;6,737;7,258;6,711;27,07M;6,16%
19.04.2021;7,108;7,161;7,223;6,896;15,78M;-0,62%
20.04.2021;6,861;7,099;7,161;6,852;5,96M;-3,47%
21.04.2021;6,64;6,816;6,949;6,569;7,55M;-3,22%
22.04.2021;6,596;6,534;6,684;6,534;5,86M;-0,66%
26.04.2021;6,755;6,534;6,772;6,534;4,94M;2,41%
27.04.2021;6,702;6,737;6,825;6,693;3,94M;-0,78%
28.04.2021;6,728;6,702;6,772;6,613;3,36M;0,39%
29.04.2021;6,746;6,711;6,816;6,702;2,30M;0,27%
30.04.2021;6,931;6,755;7,02;6,746;7,20M;2,74%
3.05.2021;6,984;6,967;7,046;6,931;4,15M;0,76%
4.05.2021;6,869;6,993;7,028;6,834;4,53M;-1,65%
5.05.2021;6,958;6,869;7,002;6,861;4,59M;1,30%
6.05.2021;7,073;6,958;7,108;6,949;5,85M;1,65%
7.05.2021;7,02;7,108;7,179;6,958;6,99M;-0,75%
10.05.2021;7,099;7,028;7,134;7,011;5,37M;1,13%
11.05.2021;7,02;7,046;7,126;7,011;4,22M;-1,11%
12.05.2021;7,329;7,399;7,629;7,293;12,87M;4,40%
17.05.2021;7,523;7,373;7,541;7,373;8,90M;2,65%
18.05.2021;7,443;7,541;7,558;7,443;5,40M;-1,06%
20.05.2021;7,85;7,426;7,85;7,39;11,18M;5,47%
21.05.2021;7,805;7,77;7,938;7,558;9,79M;-0,57%
24.05.2021;7,903;7,805;8,017;7,744;5,76M;1,26%
25.05.2021;7,549;7,903;7,911;7,47;6,80M;-4,48%
26.05.2021;7,576;7,593;7,682;7,479;4,40M;0,36%
27.05.2021;7,47;7,585;7,62;7,452;3,49M;-1,40%
28.05.2021;7,488;7,417;7,549;7,364;3,79M;0,24%
31.05.2021;7,62;7,488;7,699;7,47;4,32M;1,76%
1.06.2021;7,549;7,567;7,638;7,523;3,03M;-0,93%
2.06.2021;7,567;7,523;7,664;7,505;5,04M;0,24%
3.06.2021;7,744;7,593;7,77;7,593;4,12M;2,34%
4.06.2021;8,017;7,761;8,053;7,699;9,59M;3,53%
7.06.2021;7,991;8,026;8,123;7,956;3,79M;-0,32%
8.06.2021;7,982;7,991;8,097;7,938;2,90M;-0,11%
9.06.2021;7,929;7,982;8,008;7,876;2,12M;-0,66%
10.06.2021;7,85;7,911;7,991;7,788;2,69M;-1,00%
11.06.2021;7,885;7,823;8;7,779;2,67M;0,45%
14.06.2021;7,735;7,894;7,911;7,735;2,12M;-1,90%
15.06.2021;7,629;7,726;7,797;7,62;3,00M;-1,37%
16.06.2021;7,664;7,638;7,717;7,593;2,49M;0,46%
17.06.2021;7,735;7,629;7,779;7,629;2,83M;0,93%
18.06.2021;7,761;7,744;7,797;7,673;2,59M;0,34%
21.06.2021;7,752;7,744;7,77;7,682;2,16M;-0,12%
22.06.2021;7,894;7,761;7,894;7,726;3,19M;1,83%
23.06.2021;8,035;7,903;8,044;7,814;4,04M;1,79%
24.06.2021;8,159;8,035;8,291;7,973;5,77M;1,54%
25.06.2021;7,956;8,132;8,167;7,947;4,90M;-2,49%
28.06.2021;8,07;7,947;8,132;7,903;4,88M;1,43%
29.06.2021;8,15;8,035;8,176;8,035;4,63M;0,99%
30.06.2021;8,238;8,141;8,273;8,123;3,09M;1,08%
1.07.2021;8,362;8,194;8,379;8,194;2,78M;1,51%
2.07.2021;8,141;8,362;8,485;8,141;4,34M;-2,64%
5.07.2021;8,026;8,141;8,141;8,008;2,71M;-1,41%
6.07.2021;8,017;8,044;8,097;7,982;2,04M;-0,11%
7.07.2021;7,991;8,008;8,053;7,929;2,03M;-0,32%
8.07.2021;8,088;7,982;8,176;7,964;3,86M;1,21%
9.07.2021;7,991;8,061;8,097;7,956;2,54M;-1,20%
12.07.2021;7,903;7,991;8,017;7,814;2,17M;-1,10%
13.07.2021;7,77;7,858;7,903;7,761;1,39M;-1,68%
14.07.2021;8;7,744;8,008;7,664;2,29M;2,96%
16.07.2021;7,92;8;8,026;7,894;906,06K;-1,00%
19.07.2021;7,947;7,876;7,947;7,858;330,95K;0,34%
26.07.2021;8,07;7,947;8,079;7,92;1,73M;1,55%
27.07.2021;8,247;8,07;8,247;8,053;2,31M;2,19%
28.07.2021;8,167;8,256;8,423;8,167;2,20M;-0,97%
29.07.2021;8,229;8,176;8,282;8,159;2,08M;0,76%
30.07.2021;8,176;8,238;8,273;8,053;2,25M;-0,64%
2.08.2021;8,141;8,141;8,229;8,097;1,66M;-0,43%
3.08.2021;8,229;8,141;8,282;8,132;2,14M;1,08%
4.08.2021;8,265;8,22;8,529;8,22;4,24M;0,44%
5.08.2021;8,291;8,256;8,318;8,238;1,24M;0,31%
6.08.2021;8,379;8,3;8,406;8,291;1,41M;1,06%
9.08.2021;8,397;8,379;8,441;8,362;1,07M;0,21%
10.08.2021;8,423;8,406;8,476;8,379;1,40M;0,31%
11.08.2021;8,423;8,432;8,494;8,326;2,85M;0,00%
12.08.2021;8,503;8,423;8,521;8,388;1,63M;0,95%
13.08.2021;8,565;8,476;8,83;8,45;5,90M;0,73%
16.08.2021;8,785;8,68;9,289;8,68;9,84M;2,57%
17.08.2021;8,618;8,785;8,953;8,618;3,94M;-1,90%
18.08.2021;8,777;8,644;8,971;8,644;5,62M;1,84%
19.08.2021;8,927;8,785;8,927;8,635;3,15M;1,71%
20.08.2021;8,83;8,927;8,98;8,785;2,67M;-1,09%
23.08.2021;8,953;8,83;8,98;8,83;2,04M;1,39%
24.08.2021;9,271;8,989;9,298;8,989;3,58M;3,55%
25.08.2021;9,015;9,227;9,271;8,768;2,20M;-2,76%
26.08.2021;9,218;8,98;9,236;8,98;1,90M;2,25%
27.08.2021;9,536;9,227;9,598;9,183;4,26M;3,45%
31.08.2021;9,686;9,589;9,81;9,563;3,16M;1,57%
1.09.2021;9,686;9,704;9,774;9,43;3,42M;0,00%
2.09.2021;9,492;9,598;9,686;9,492;1,70M;-2,00%
3.09.2021;9,236;9,492;9,492;9,2;4,07M;-2,70%
6.09.2021;9,218;9,236;9,439;9,192;2,71M;-0,19%
7.09.2021;9,148;9,209;9,315;9,148;2,12M;-0,76%
8.09.2021;9,227;9,121;9,306;9,05;2,34M;0,86%
9.09.2021;9,439;9,174;9,448;9,174;2,25M;2,30%
10.09.2021;9,245;9,448;9,474;9,227;2,21M;-2,06%
13.09.2021;9,227;9,245;9,315;9,227;2,05M;-0,19%
14.09.2021;9,245;9,245;9,315;9,227;1,72M;0,20%
15.09.2021;9,271;9,236;9,333;9,236;1,16M;0,28%
16.09.2021;9,289;9,245;9,315;9,227;1,19M;0,19%
17.09.2021;8,989;9,271;9,421;8,971;5,85M;-3,23%
20.09.2021;8,953;8,874;9,148;8,838;2,08M;-0,40%
21.09.2021;8,883;9,227;9,245;8,865;2,77M;-0,78%
22.09.2021;8,936;8,927;8,989;8,838;1,70M;0,60%
23.09.2021;9,165;8,971;9,209;8,909;2,45M;2,56%
24.09.2021;9,306;9,139;9,439;9,13;3,57M;1,54%
27.09.2021;9,245;9,306;9,386;9,165;2,29M;-0,66%
28.09.2021;9,077;9,245;9,289;9,033;3,98M;-1,82%
29.09.2021;8,997;9,103;9,112;8,98;2,23M;-0,88%
30.09.2021;9,174;8,997;9,174;8,874;4,19M;1,97%
1.10.2021;8,909;9,095;9,112;8,874;3,98M;-2,89%
4.10.2021;8,856;8,891;9,05;8,847;4,16M;-0,59%
5.10.2021;8,891;8,865;9,015;8,838;4,04M;0,40%
6.10.2021;8,856;8,874;8,9;8,785;2,47M;-0,39%
7.10.2021;8,909;8,865;8,944;8,856;2,81M;0,60%
8.10.2021;8,909;8,918;8,971;8,883;3,10M;0,00%
11.10.2021;8,962;8,918;8,98;8,891;2,51M;0,59%
12.10.2021;9,086;8,944;9,174;8,909;6,48M;1,38%
13.10.2021;9,095;9,095;9,13;9,015;2,92M;0,10%
14.10.2021;9,05;9,103;9,156;9,024;8,36M;-0,49%
15.10.2021;8,909;9,095;9,103;8,891;3,01M;-1,56%
18.10.2021;8,98;8,927;8,997;8,918;2,73M;0,80%
19.10.2021;8,944;8,997;9,015;8,909;1,94M;-0,40%
20.10.2021;8,874;8,953;8,989;8,874;2,15M;-0,78%
21.10.2021;9,271;8,874;9,271;8,874;6,81M;4,47%
22.10.2021;9,43;9,236;9,51;9,165;5,41M;1,72%
25.10.2021;9,536;9,421;9,651;9,421;5,06M;1,12%
26.10.2021;9,642;9,624;9,677;9,545;2,97M;1,11%
27.10.2021;9,571;9,642;9,651;9,518;3,23M;-0,74%
28.10.2021;9,713;9,571;9,73;9,563;2,78M;1,48%
1.11.2021;9,545;9,713;9,748;9,501;3,06M;-1,73%
2.11.2021;9,563;9,563;9,668;9,51;3,99M;0,19%
3.11.2021;9,598;9,563;9,607;9,448;3,13M;0,37%
4.11.2021;9,748;9,633;9,757;9,624;2,99M;1,56%
5.11.2021;9,863;9,766;9,925;9,757;5,43M;1,18%
8.11.2021;9,854;9,845;9,907;9,801;4,38M;-0,09%
9.11.2021;9,854;9,889;9,995;9,854;5,43M;0,00%
10.11.2021;10,242;9,872;10,278;9,872;7,24M;3,94%
11.11.2021;10,702;10,287;10,728;10,154;8,48M;4,49%
12.11.2021;10,816;10,702;10,958;10,551;5,98M;1,07%
15.11.2021;11,62;10,905;11,814;10,675;7,56M;7,43%
16.11.2021;10,905;11,62;11,726;10,869;7,81M;-6,15%
17.11.2021;11,249;10,949;11,249;10,949;5,21M;3,15%
18.11.2021;11,576;11,328;11,814;11,328;8,40M;2,91%
19.11.2021;11,267;11,593;11,805;11,24;5,25M;-2,67%
22.11.2021;11,558;11,275;11,655;11,275;4,42M;2,58%
23.11.2021;12,591;11,743;12,697;11,743;15,65M;8,94%
24.11.2021;12,803;12,865;13,748;12,644;15,84M;1,68%
25.11.2021;13,545;12,909;13,545;12,909;9,53M;5,80%
26.11.2021;13,606;13,598;13,659;13,006;8,13M;0,45%
29.11.2021;13,562;13,721;14,039;13,289;8,06M;-0,32%
30.11.2021;13,704;13,598;13,951;13,333;9,22M;1,05%
1.12.2021;14,339;13,933;14,392;13,704;9,09M;4,63%
2.12.2021;14,154;14,507;14,693;13,995;6,66M;-1,29%
3.12.2021;15,143;14,216;15,293;14,18;9,82M;6,99%
6.12.2021;14,348;15,266;15,611;14,278;14,58M;-5,25%
7.12.2021;14,657;14,595;14,666;14,436;7,34M;2,15%
8.12.2021;14,666;14,71;14,763;14,498;6,23M;0,06%
9.12.2021;14,604;14,666;14,701;14,428;7,77M;-0,42%
10.12.2021;14,666;14,843;15,063;14,525;13,21M;0,42%
13.12.2021;14,772;14,684;14,913;14,648;8,80M;0,72%
14.12.2021;14,904;14,931;14,984;14,701;7,33M;0,89%
15.12.2021;15,364;15,823;16,3;15,072;17,25M;3,09%
16.12.2021;16,105;15,628;16,105;15,452;13,51M;4,82%
17.12.2021;15,823;17,041;17,359;14,551;15,30M;-1,75%
20.12.2021;15,893;15,823;16,538;15,099;14,13M;0,44%
21.12.2021;14,304;15,876;15,876;14,304;6,69M;-10,00%
22.12.2021;12,874;13,439;13,792;12,874;9,51M;-10,00%
23.12.2021;12,803;13,068;13,244;11,999;6,26M;-0,55%
24.12.2021;13,033;12,98;13,103;12,724;7,49M;1,80%
27.12.2021;12,582;13,068;13,421;12,414;10,60M;-3,46%
28.12.2021;12,317;12,741;12,812;12,185;4,74M;-2,11%
29.12.2021;13,545;12,379;13,545;12,335;9,99M;9,97%
30.12.2021;13,554;14,11;14,366;13,465;15,69M;0,07%
31.12.2021;13,297;13,686;13,951;13,006;6,67M;-1,90%
3.01.2022;13,704;13,509;13,863;13,077;5,38M;3,06%
4.01.2022;13,81;13,73;14,004;13,677;5,08M;0,77%
5.01.2022;14,194;14,006;14,221;13,872;3,26M;2,78%
6.01.2022;13,81;14,149;14,293;13,81;4,60M;-2,71%
7.01.2022;13,55;13,801;13,935;13,461;4,61M;-1,88%
10.01.2022;13,649;13,613;13,863;13,55;4,24M;0,73%
11.01.2022;13,631;13,765;13,801;13,398;3,49M;-0,13%
12.01.2022;13,461;13,675;13,81;13,327;4,96M;-1,25%
13.01.2022;13,282;13,479;13,559;13,273;4,11M;-1,33%
14.01.2022;13,505;13,282;13,649;13,273;5,32M;1,68%
17.01.2022;13,81;13,568;13,836;13,541;4,39M;2,26%
18.01.2022;13,13;13,819;14,06;13,13;4,59M;-4,92%
19.01.2022;13,183;13,014;13,219;12,781;4,75M;0,40%
20.01.2022;12,879;13,219;13,407;12,79;3,99M;-2,31%
21.01.2022;13,452;12,888;13,711;12,888;7,50M;4,45%
24.01.2022;13,353;13,38;14,158;13,336;9,49M;-0,74%
25.01.2022;13,523;13,908;13,908;13,139;6,08M;1,27%
26.01.2022;13,282;13,613;13,693;13,255;4,66M;-1,78%
27.01.2022;13,327;13,058;13,389;12,879;3,33M;0,34%
28.01.2022;13,461;13,371;13,649;13,237;4,95M;1,01%
31.01.2022;14,006;13,514;14,006;13,514;5,06M;4,05%
1.02.2022;13,819;14,006;14,212;13,81;3,38M;-1,34%
2.02.2022;13,595;13,917;13,926;13,577;2,41M;-1,62%
3.02.2022;13,398;13,64;13,666;13,38;1,81M;-1,45%
4.02.2022;13,559;13,389;13,658;13,273;2,83M;1,20%
7.02.2022;13,765;13,586;13,774;13,371;2,76M;1,52%
8.02.2022;13,863;13,756;14,006;13,702;3,50M;0,71%
9.02.2022;13,801;13,89;13,962;13,649;3,95M;-0,45%
10.02.2022;13,658;13,81;13,908;13,658;2,69M;-1,04%
11.02.2022;13,702;13,64;13,747;13,479;1,94M;0,32%
14.02.2022;13,014;13,38;13,47;12,763;4,92M;-5,02%
15.02.2022;13,13;13,022;13,336;12,942;2,89M;0,89%
16.02.2022;13,183;13,201;13,309;13,166;1,80M;0,40%
17.02.2022;13,112;13,201;13,353;12,996;1,88M;-0,54%
18.02.2022;13,237;13,112;13,273;13,076;1,59M;0,95%
21.02.2022;12,781;13,246;13,327;12,62;3,52M;-3,44%
22.02.2022;12,396;12,468;12,468;12,03;4,53M;-3,01%
23.02.2022;12,137;12,352;12,477;12,074;4,49M;-2,09%
24.02.2022;10,93;10,947;11,448;10,93;7,37M;-9,94%
25.02.2022;11,43;11,091;11,985;10,804;5,49M;4,57%
28.02.2022;10,956;11,091;11,359;10,751;5,11M;-4,15%
1.03.2022;10,947;10,974;11,171;10,795;2,61M;-0,08%
2.03.2022;10,769;10,956;11,091;10,769;2,51M;-1,63%
3.03.2022;11,448;10,733;11,636;10,733;7,33M;6,31%
4.03.2022;11,439;11,448;11,636;11,135;5,35M;-0,08%
7.03.2022;11,761;11,439;11,788;11,332;4,91M;2,81%
8.03.2022;11,636;11,627;11,985;11,583;3,79M;-1,06%
9.03.2022;12,432;11,708;12,504;11,574;7,93M;6,84%
10.03.2022;12,906;12,522;13,175;12,522;9,35M;3,81%
11.03.2022;12,799;12,951;13,255;12,665;6,45M;-0,83%
14.03.2022;12,754;12,888;13,058;12,736;3,81M;-0,35%
15.03.2022;12,745;12,745;12,79;12,557;3,29M;-0,07%
16.03.2022;12,736;12,754;12,853;12,674;2,48M;-0,07%
17.03.2022;12,701;12,754;12,817;12,665;2,93M;-0,27%
18.03.2022;13,604;12,763;13,631;12,763;11,85M;7,11%
21.03.2022;13,559;13,568;13,962;13,505;4,94M;-0,33%
22.03.2022;13,613;13,622;13,783;13,541;4,13M;0,40%
23.03.2022;13,72;13,675;14,024;13,568;8,42M;0,79%
24.03.2022;13,827;13,774;14,105;13,729;4,45M;0,78%
25.03.2022;13,81;13,899;13,908;13,72;3,09M;-0,12%
28.03.2022;13,881;13,908;14,248;13,863;4,01M;0,51%
29.03.2022;14,185;13,953;14,668;13,845;11,75M;2,19%
30.03.2022;13,881;14,239;14,257;13,81;4,31M;-2,14%
31.03.2022;14,382;13,997;14,382;13,863;5,33M;3,61%
1.04.2022;14,23;14,31;14,364;14,069;4,52M;-1,06%
4.04.2022;14,23;14,31;14,489;14,185;7,37M;0,00%
5.04.2022;14,579;14,275;14,802;14,275;9,86M;2,45%
6.04.2022;14,176;14,516;14,516;14,132;6,51M;-2,76%
7.04.2022;14,4;14,212;14,516;14,185;4,65M;1,58%
8.04.2022;14,516;14,471;14,731;14,418;4,54M;0,81%
11.04.2022;14,561;14,606;14,892;14,498;7,40M;0,31%
12.04.2022;14,561;14,579;14,704;14,275;6,81M;0,00%
13.04.2022;14,404;14,662;14,736;14,303;5,89M;-1,08%
14.04.2022;14,321;14,469;14,469;14,284;3,94M;-0,58%
15.04.2022;14,432;14,33;14,598;14,321;4,26M;0,78%
18.04.2022;14,367;14,441;14,487;14,349;2,67M;-0,45%
19.04.2022;14,496;14,432;14,635;14,376;8,38M;0,90%
20.04.2022;14,422;14,579;14,607;14,367;6,96M;-0,51%
21.04.2022;14,828;14,515;15,087;14,496;11,25M;2,82%
22.04.2022;14,395;14,81;14,81;14,358;6,33M;-2,92%
25.04.2022;14,339;14,367;14,413;14,201;5,50M;-0,39%
26.04.2022;14,256;14,459;14,579;14,155;6,42M;-0,58%
27.04.2022;14,524;14,275;14,598;14,1;5,29M;1,88%
28.04.2022;14,552;14,524;14,616;14,386;3,33M;0,19%
29.04.2022;14,644;14,598;14,644;14,496;2,45M;0,63%
5.05.2022;14,662;14,718;14,801;14,589;5,34M;0,12%
6.05.2022;14,755;14,625;14,801;14,561;4,57M;0,63%
9.05.2022;15,105;14,819;15,345;14,819;7,58M;2,37%
10.05.2022;14,376;14,662;14,672;14,303;7,11M;-4,83%
11.05.2022;14,487;14,395;14,57;14,349;3,93M;0,77%
12.05.2022;14,339;14,459;14,487;14,284;4,18M;-1,02%
13.05.2022;14,303;14,367;14,524;14,303;3,07M;-0,25%
16.05.2022;14,367;14,303;14,395;14,275;2,43M;0,45%
17.05.2022;14,395;14,367;14,432;14,256;2,47M;0,19%
18.05.2022;14,395;14,395;14,57;14,312;3,87M;0,00%
20.05.2022;14,293;14,496;14,561;14,284;3,52M;-0,71%
23.05.2022;14,127;14,367;14,404;14,072;2,62M;-1,16%
24.05.2022;14,118;14,127;14,183;14,072;3,59M;-0,06%
25.05.2022;14,293;14,127;14,367;14,127;5,76M;1,24%
26.05.2022;14,367;14,395;14,404;14,293;3,51M;0,52%
27.05.2022;14,386;14,367;14,432;14,321;1,91M;0,13%
30.05.2022;14,644;14,404;14,69;14,339;2,68M;1,79%
31.05.2022;14,515;14,653;14,699;14,441;2,31M;-0,88%
1.06.2022;14,847;14,57;14,958;14,487;6,21M;2,29%
2.06.2022;14,653;14,912;14,985;14,635;3,33M;-1,31%
3.06.2022;15,087;14,727;15,142;14,727;6,71M;2,96%
6.06.2022;15,453;16,115;16,115;15,344;6,93M;2,43%
7.06.2022;15,828;15,502;15,828;15,294;6,57M;2,43%
8.06.2022;15,729;15,917;16,688;15,403;11,40M;-0,63%
9.06.2022;16,52;15,818;16,57;15,423;10,63M;5,03%
10.06.2022;17,707;16,511;17,895;16,184;16,35M;7,19%
13.06.2022;16,698;17,717;17,984;16,698;10,75M;-5,70%
14.06.2022;18,073;16,827;18,359;16,758;20,85M;8,23%
15.06.2022;18,557;18,102;19,121;17,934;33,57M;2,68%
16.06.2022;17,895;18,438;18,438;17,46;21,23M;-3,57%
17.06.2022;18,379;18,023;18,873;18,023;52,77M;2,70%
20.06.2022;18,092;18,587;19,14;18,092;6,36M;-1,56%
21.06.2022;17,776;18,171;18,399;17,746;5,78M;-1,75%
22.06.2022;18,389;17,796;18,616;17,796;7,73M;3,45%
23.06.2022;18,527;18,379;18,933;18,201;6,15M;0,75%
24.06.2022;18,32;18,686;18,784;18,26;2,65M;-1,12%
27.06.2022;18,478;17,806;18,587;17,598;3,02M;0,86%
28.06.2022;17,993;18,686;18,735;17,944;2,43M;-2,62%
29.06.2022;17,776;18,043;18,28;17,707;2,22M;-1,21%
30.06.2022;17,044;17,756;18,053;17,044;6,21M;-4,12%
1.07.2022;17,025;16,995;17,519;16,659;3,64M;-0,11%
4.07.2022;17,232;17,094;17,598;17,094;2,39M;1,22%
5.07.2022;17,064;17,183;17,568;16,817;3,26M;-0,97%
6.07.2022;17,549;17,301;17,746;17,183;3,73M;2,84%
7.07.2022;17,766;17,46;18,073;17,43;2,75M;1,24%
8.07.2022;17,825;17,806;18,28;17,707;1,30M;0,33%
13.07.2022;19,259;18,043;19,338;17,914;6,80M;8,04%
14.07.2022;18,112;19,289;20,307;18,112;6,24M;-5,96%
18.07.2022;18,349;18,498;18,498;18,162;2,38M;1,31%
19.07.2022;20,109;18,537;20,109;18,359;5,30M;9,59%
20.07.2022;19,892;20,109;20,683;19,793;4,12M;-1,08%
21.07.2022;19,051;19,911;20,228;19,041;2,98M;-4,23%
22.07.2022;18,765;19,17;19,506;18,646;2,60M;-1,50%
25.07.2022;18,735;18,814;19,17;18,705;1,56M;-0,16%
26.07.2022;18,537;18,834;18,952;18,517;2,38M;-1,06%
27.07.2022;18,883;18,656;19,378;18,577;4,35M;1,87%
28.07.2022;18,547;19,012;19,081;18,468;4,01M;-1,78%
29.07.2022;18,508;18,636;18,952;18,488;5,39M;-0,21%
1.08.2022;18,775;18,527;18,982;18,508;2,38M;1,44%
2.08.2022;18,438;18,814;18,903;18,438;1,71M;-1,79%
3.08.2022;18,666;18,498;18,923;18,488;1,85M;1,24%
4.08.2022;18,705;18,804;18,863;18,646;2,11M;0,21%
5.08.2022;18,517;18,755;18,814;18,478;1,40M;-1,01%
8.08.2022;18,745;18,597;18,804;18,557;2,25M;1,23%
9.08.2022;19,338;18,784;19,674;18,715;5,77M;3,16%
10.08.2022;19,17;19,338;19,417;19,032;2,38M;-0,87%
11.08.2022;19,387;19,279;19,486;19,111;2,99M;1,13%
12.08.2022;20,129;19,397;20,287;19,269;3,39M;3,83%
15.08.2022;20,089;20,327;21,118;20,01;3,10M;-0,20%
16.08.2022;19,753;20,169;20,228;19,16;3,09M;-1,67%
17.08.2022;19,872;19,427;19,991;19,061;5,18M;0,60%
18.08.2022;19,714;19,892;20,03;19,318;2,75M;-0,80%
19.08.2022;19,615;20,07;20,307;19,615;5,13M;-0,50%
22.08.2022;19,387;19,615;19,773;19,348;4,02M;-1,16%
23.08.2022;19,328;19,397;19,516;19,299;2,77M;-0,30%
24.08.2022;18,735;19,348;19,387;18,686;2,34M;-3,07%
25.08.2022;18,804;18,765;19,13;18,606;3,19M;0,37%
26.08.2022;18,745;18,834;19,041;18,646;1,97M;-0,31%
29.08.2022;18,488;18,745;18,745;18,478;1,30M;-1,37%
31.08.2022;18,28;18,508;18,705;18,28;2,13M;-1,13%
1.09.2022;18,28;18,3;18,775;18,26;2,61M;0,00%
2.09.2022;18,527;18,33;18,735;18,29;2,02M;1,35%
5.09.2022;18,775;18,686;18,893;18,616;3,36M;1,34%
6.09.2022;19,101;18,893;19,269;17,974;4,77M;1,74%
7.09.2022;18,587;19,308;19,378;18,587;4,19M;-2,69%
8.09.2022;18,616;18,755;19,061;18,597;3,67M;0,16%
9.09.2022;18,854;18,735;18,982;18,606;3,06M;1,28%
12.09.2022;19,308;19,091;19,724;19,022;6,70M;2,41%
13.09.2022;18,201;19,684;19,724;18,201;4,55M;-5,73%
14.09.2022;18,537;18,29;18,883;18,29;3,84M;1,85%
15.09.2022;18,587;18,547;18,962;18,478;3,22M;0,27%
16.09.2022;19,101;18,784;19,101;18,428;6,50M;2,77%
19.09.2022;18,883;19,328;19,645;18,863;6,35M;-1,14%
20.09.2022;18,715;18,933;19,249;18,537;4,63M;-0,89%
21.09.2022;18,488;18,715;18,943;18,488;3,12M;-1,21%
22.09.2022;18,26;18,488;18,517;18,201;3,52M;-1,23%
23.09.2022;17,697;18,29;18,349;17,697;4,90M;-3,08%
26.09.2022;17,855;17,697;18,053;17,618;3,13M;0,89%
27.09.2022;17,43;17,855;18,043;17,43;2,84M;-2,38%
28.09.2022;16,58;17,46;17,46;16,58;5,36M;-4,88%
29.09.2022;15,769;16,619;16,807;15,561;6,32M;-4,89%
30.09.2022;16,718;15,799;17,104;15,799;6,26M;6,02%
3.10.2022;17,292;16,708;17,331;16,659;4,62M;3,43%
4.10.2022;17,203;17,4;17,44;16,965;3,88M;-0,51%
5.10.2022;16,926;17,212;17,222;16,827;4,05M;-1,61%
6.10.2022;17,568;16,965;17,736;16,936;7,44M;3,79%
7.10.2022;17,222;17,598;17,657;17,203;3,45M;-1,97%
10.10.2022;17,697;17,4;17,875;17,301;5,51M;2,76%
11.10.2022;17,479;17,796;17,944;17,46;4,63M;-1,23%
12.10.2022;16,896;17,489;17,558;16,896;5,22M;-3,34%
13.10.2022;16,886;16,916;17,203;16,777;2,88M;-0,06%
14.10.2022;17,054;17,064;17,292;17,005;3,75M;0,99%
17.10.2022;17,311;17,084;17,44;17,084;7,64M;1,51%
18.10.2022;17,499;17,351;17,914;17,321;9,28M;1,09%
19.10.2022;17,875;17,568;17,974;17,549;7,18M;2,15%
20.10.2022;17,736;17,905;18,211;17,727;10,84M;-0,78%
21.10.2022;17,855;17,736;17,875;17,46;7,65M;0,67%
24.10.2022;18,666;17,964;18,893;17,954;13,13M;4,54%
25.10.2022;18,043;18,656;18,666;18,003;6,69M;-3,34%
26.10.2022;18,379;18,132;18,587;18,132;6,58M;1,86%
27.10.2022;18,003;18,438;18,468;17,924;4,91M;-2,05%
28.10.2022;17,825;18,013;18,251;17,825;1,91M;-0,99%
31.10.2022;18,527;17,865;18,527;17,865;7,96M;3,94%
1.11.2022;18,409;18,597;18,735;18,31;4,83M;-0,64%
2.11.2022;18,735;18,508;18,883;18,33;9,01M;1,77%
3.11.2022;19,269;18,883;19,269;18,695;10,93M;2,85%
4.11.2022;18,903;19,526;19,753;18,863;16,21M;-1,90%
7.11.2022;19,13;18,943;19,229;18,903;10,51M;1,20%
8.11.2022;18,923;19,18;19,249;18,844;10,46M;-1,08%
9.11.2022;20,03;19,13;20,781;19,13;37,60M;5,85%
10.11.2022;21,118;20,346;21,75;20,248;21,04M;5,43%
11.11.2022;21,691;21,75;22,027;21,137;21,00M;2,71%
14.11.2022;21,81;21,711;22,225;21,572;13,53M;0,55%
15.11.2022;21,81;21,948;22,502;21,335;15,79M;0,00%
16.11.2022;21,632;21,889;22,007;20,92;11,62M;-0,82%
17.11.2022;20,861;21,632;21,691;20,702;8,64M;-3,56%
18.11.2022;20,88;20,88;21,335;20,683;8,08M;0,09%
21.11.2022;20,94;21,078;21,078;20,524;7,30M;0,29%
22.11.2022;21,988;20,999;22,324;20,999;14,77M;5,00%
23.11.2022;22,541;22,185;22,877;21,948;15,49M;2,52%
24.11.2022;24,004;22,68;24,341;22,68;26,00M;6,49%
25.11.2022;23,471;24,024;24,202;23,431;18,42M;-2,22%
28.11.2022;23,49;23,629;24,044;23,293;16,78M;0,08%
29.11.2022;25,033;23,728;25,745;23,51;43,31M;6,57%
30.11.2022;25,369;25,033;25,824;24,914;21,74M;1,34%
1.12.2022;25,31;25,863;25,883;25,052;37,12M;-0,23%
2.12.2022;25,764;25,745;26,1;25,112;72,99M;1,79%
5.12.2022;26,357;26,16;26,496;25,646;162,62M;2,30%
6.12.2022;26,199;26,575;27,603;26,021;145,94M;-0,60%
7.12.2022;23,668;26,12;26,12;23,589;116,92M;-9,66%
8.12.2022;22,68;23,392;24,064;22,106;77,44M;-4,17%
9.12.2022;23,708;22,798;24,044;22,561;95,30M;4,53%
12.12.2022;24,301;24,123;24,657;23,846;92,54M;2,50%
13.12.2022;24,202;24,42;24,776;24,103;125,66M;-0,41%
14.12.2022;23,036;24,262;24,578;23,036;101,92M;-4,82%
15.12.2022;25,329;23,708;25,329;23,688;205,37M;9,95%
16.12.2022;26,595;26,081;27,663;25,903;160,86M;5,00%
19.12.2022;26,278;26,99;27,129;25,843;101,36M;-1,19%
20.12.2022;26,259;26,456;27,148;26,219;74,70M;-0,07%
21.12.2022;26,437;26,397;27,386;26,12;116,88M;0,68%
22.12.2022;27,603;26,575;28,493;26,575;168,42M;4,41%
23.12.2022;30,352;27,781;30,352;27,564;182,73M;9,96%
26.12.2022;31,933;31,103;33,377;30,609;236,82M;5,21%
27.12.2022;30,213;32,072;32,191;30,035;119,94M;-5,39%
28.12.2022;31,518;30,451;32,289;30,371;198,36M;4,32%
29.12.2022;33,753;31,835;34,484;31,835;148,93M;7,09%
30.12.2022;32,764;34,01;34,168;32,586;119,02M;-2,93%
2.01.2023;33,456;33,377;34,207;33,357;72,48M;2,11%
3.01.2023;34,642;33,535;35,196;32,467;180,37M;3,54%
4.01.2023;34,089;35,097;35,967;34,089;133,46M;-1,60%
5.01.2023;30,688;34,445;34,781;30,688;101,73M;-9,98%
6.01.2023;33,753;31,143;33,753;29,679;155,30M;9,99%
9.01.2023;33,871;34,899;34,979;33,12;152,52M;0,35%
10.01.2023;32,131;33,674;34,109;30,925;98,22M;-5,14%
11.01.2023;29,501;32,448;32,705;29,501;95,10M;-8,19%
12.01.2023;31,854;30,49;32,191;28,968;131,07M;7,98%
13.01.2023;31,024;31,419;32,408;30,886;79,55M;-2,61%
16.01.2023;31,815;31,261;32,032;30,866;84,23M;2,55%
17.01.2023;32,428;31,933;33,318;31,874;87,34M;1,93%
18.01.2023;32,171;32,626;33,634;31,775;106,25M;-0,79%
19.01.2023;31,301;31,933;32,487;30,984;67,62M;-2,70%
20.01.2023;30,213;31,578;31,894;29,758;75,89M;-3,48%
23.01.2023;29,363;30,549;30,589;29,126;68,78M;-2,81%
24.01.2023;29,699;29,442;30,292;29,027;78,74M;1,14%
25.01.2023;28,869;29,838;30,114;27,92;72,09M;-2,79%
26.01.2023;29,403;28,809;29,917;28,572;52,78M;1,85%
27.01.2023;28,552;29,205;29,699;28,177;46,54M;-2,89%
30.01.2023;28,295;28,671;28,908;28,196;33,89M;-0,90%
31.01.2023;29,343;28,058;30,549;27,979;78,96M;3,70%
1.02.2023;27,722;29,363;29,482;27,722;57,26M;-5,52%
2.02.2023;26,99;27,663;28,117;24,954;74,73M;-2,64%
3.02.2023;28,137;26,99;28,355;26,812;43,54M;4,25%
6.02.2023;28,038;27,583;28,078;26,219;9,73M;-0,35%
7.02.2023;25,25;27,663;27,9;25,25;26,31M;-9,94%
15.02.2023;27,761;26,041;27,761;25,665;48,27M;9,94%
16.02.2023;26,318;28,691;29,066;26,318;60,59M;-5,20%
17.02.2023;26,615;26,081;27,129;25,745;44,02M;1,13%
20.02.2023;26,733;26,753;27,603;25,745;45,97M;0,44%
21.02.2023;28,038;26,555;29,323;26,357;108,19M;4,88%
22.02.2023;29,679;28,177;30,154;28,038;104,32M;5,85%
23.02.2023;31,143;29,857;31,143;29,462;70,99M;4,93%
24.02.2023;30,154;30,925;31,044;29,996;48,88M;-3,18%
27.02.2023;30,747;30,174;31,182;29,956;47,01M;1,97%
28.02.2023;32,349;30,945;32,448;30,727;62,64M;5,21%
1.03.2023;32,191;32,527;32,922;32,111;50,35M;-0,49%
2.03.2023;31,815;32,329;32,804;31,696;48,84M;-1,17%
3.03.2023;32,171;31,933;32,685;30,352;60,89M;1,12%
6.03.2023;32,566;32,586;33,001;32,072;53,93M;1,23%
7.03.2023;32,586;32,724;33,258;32,388;49,18M;0,06%
8.03.2023;32,863;32,724;34,484;32,467;81,09M;0,85%
9.03.2023;32,902;33,12;33,476;32,843;37,55M;0,12%
10.03.2023;32,823;32,823;33,199;32,448;42,16M;-0,24%
13.03.2023;32,072;32,981;33,021;31,854;44,95M;-2,29%
14.03.2023;31,143;32,092;32,349;30,925;30,16M;-2,90%
15.03.2023;29,422;31,044;31,143;29,383;49,73M;-5,53%
16.03.2023;29,521;29,798;30,193;29,086;25,73M;0,34%
17.03.2023;29,66;29,917;31,222;29,64;35,09M;0,47%
20.03.2023;28,77;29,699;30,055;28,236;31,17M;-3,00%
21.03.2023;28,078;28,908;28,968;28,078;20,10M;-2,41%
22.03.2023;28,236;28,256;28,453;27,9;12,40M;0,56%
23.03.2023;29,145;28,315;29,383;28,177;23,30M;3,22%
24.03.2023;28,908;29,264;29,798;28,908;25,24M;-0,81%
27.03.2023;28,651;29,165;29,462;28,651;15,99M;-0,89%
28.03.2023;27,603;28,79;28,908;27,386;27,26M;-3,66%
29.03.2023;27,761;27,485;28,275;26,634;25,01M;0,57%
30.03.2023;28,513;28,137;29,066;27,88;31,88M;2,71%
31.03.2023;28,968;28,552;29,462;28,434;47,01M;1,60%
3.04.2023;30,055;28,928;30,055;28,928;47,29M;3,75%
4.04.2023;31,162;30,233;31,419;30,154;40,89M;3,68%
5.04.2023;30,352;31,261;31,281;30,352;28,43M;-2,60%
6.04.2023;30,47;30,549;30,945;30,193;33,85M;0,39%
7.04.2023;29,956;30,668;30,668;29,956;18,94M;-1,69%
10.04.2023;30,984;30,233;31,024;30,055;24,21M;3,43%
11.04.2023;31,657;31,044;31,775;30,905;27,26M;2,17%
12.04.2023;31,46;31,9;32,22;31,18;27,42M;-0,62%
13.04.2023;31,02;31,56;31,84;31;27,43M;-1,40%
14.04.2023;30,8;31,16;31,74;30,68;35,05M;-0,71%
17.04.2023;29,54;30,92;30,96;29,4;23,97M;-4,09%
18.04.2023;28,94;30,2;30,58;28,94;23,43M;-2,03%
19.04.2023;30,06;29,4;30,26;28,84;36,23M;3,87%
20.04.2023;30,34;29,98;30,38;29,74;11,18M;0,93%
24.04.2023;30,9;30,56;31,38;30,56;28,17M;1,85%
25.04.2023;29,36;30,96;31,54;29,36;60,52M;-4,98%
26.04.2023;29,38;29,5;29,72;28,8;37,98M;0,07%
27.04.2023;28,92;29,5;29,58;28,84;27,73M;-1,57%
28.04.2023;27,34;28,92;29,02;27,28;27,05M;-5,46%
2.05.2023;26,46;27,4;27,9;26,46;24,57M;-3,22%
3.05.2023;25,78;26,42;26,6;25,1;23,78M;-2,57%
4.05.2023;25;25,5;26,72;25;28,50M;-3,03%
5.05.2023;24,92;24,92;25,2;24,22;35,39M;-0,32%
8.05.2023;25,78;25,06;25,82;24,68;20,96M;3,45%
9.05.2023;25,18;25,78;26,26;24,96;22,14M;-2,33%
10.05.2023;23,94;24,9;25,16;23,94;24,77M;-4,92%
11.05.2023;25,54;23,76;26,16;23,7;61,19M;6,68%
12.05.2023;24,3;25,44;25,58;24,12;43,71M;-4,86%
15.05.2023;23,68;23,1;25,14;22,94;38,15M;-2,55%
16.05.2023;24,3;23,76;24,86;23,74;48,88M;2,62%
17.05.2023;24,84;24,38;25,26;24,22;48,85M;2,22%
18.05.2023;23,7;25,02;25,5;23,7;39,83M;-4,59%
22.05.2023;23,16;23,88;24,14;23,1;34,25M;-2,28%
23.05.2023;23,5;23,34;23,92;23,2;43,33M;1,47%
24.05.2023;24,06;23,6;24,12;23,56;42,41M;2,38%
25.05.2023;23,3;24,06;24,42;23,28;39,97M;-3,16%
26.05.2023;23,84;23,38;24,08;23,26;31,69M;2,32%
29.05.2023;25,54;24,54;25,74;24,26;44,60M;7,13%
30.05.2023;26,4;25,8;26,86;25,66;56,51M;3,37%
31.05.2023;25,86;26,54;26,86;25,68;50,85M;-2,05%
1.06.2023;25,98;26,14;26,66;25,86;34,68M;0,46%
2.06.2023;27,3;27,26;28,56;26,8;114,64M;5,08%
5.06.2023;28,02;27,8;28,26;27,38;69,25M;2,64%
6.06.2023;28,2;28,02;28,48;27,76;65,40M;0,64%
7.06.2023;29,42;29,22;30,5;29,14;93,45M;4,33%
8.06.2023;29,48;29,2;29,76;28,78;60,36M;0,20%
9.06.2023;30,22;29,9;30,42;29,4;67,05M;2,51%
12.06.2023;29,9;30,5;31,06;29,74;88,74M;-1,06%
13.06.2023;29,06;29,94;30,04;28,86;47,48M;-2,81%
14.06.2023;27,94;29,06;29,54;27,62;56,07M;-3,85%
15.06.2023;28,44;28,2;28,48;28;36,62M;1,79%
16.06.2023;27,98;28,5;28,82;27,94;32,25M;-1,62%
19.06.2023;26,5;28;28,08;26,5;29,09M;-5,29%
20.06.2023;26,42;26,46;27,32;26,14;30,57M;-0,30%
21.06.2023;26,7;26,6;27,08;26,48;35,67M;1,06%
22.06.2023;28,34;26,86;28,4;25,9;75,02M;6,14%
23.06.2023;28,7;28,8;29,38;28;75,86M;1,27%
26.06.2023;29,38;28,72;29,66;28,7;51,42M;2,37%
27.06.2023;29,3;29,32;29,5;29,06;17,41M;-0,27%
3.07.2023;29,96;29,9;30,44;29,52;69,31M;2,25%
4.07.2023;29,7;30,52;31,04;29,7;97,27M;-0,87%
5.07.2023;30,16;29,74;30,42;29,5;50,45M;1,55%
6.07.2023;30,16;30,5;30,94;30,08;40,53M;0,00%
7.07.2023;31,5;30,16;31,54;30,12;69,94M;4,44%
10.07.2023;32,12;32;32,46;31,68;56,10M;1,97%
11.07.2023;31,94;32,62;32,8;31,48;48,51M;-0,56%
12.07.2023;31,26;31,98;32;31,24;39,41M;-2,13%
13.07.2023;31,08;31,32;32,22;31,06;56,92M;-0,58%
14.07.2023;31,84;31,46;32,1;31,12;49,29M;2,45%
17.07.2023;33,38;32,66;34,28;32,64;73,40M;4,84%
18.07.2023;31,76;33,58;33,66;31,76;51,21M;-4,85%
19.07.2023;32,14;31,76;32,52;31,3;71,58M;1,20%
20.07.2023;32,74;32,54;32,96;31,8;65,62M;1,87%
21.07.2023;33,14;32,72;33,2;32,3;59,03M;1,22%
24.07.2023;32;33,58;33,64;31,92;55,13M;-3,44%
25.07.2023;31,36;32,1;32,24;31,04;44,70M;-2,00%
26.07.2023;31,82;31,34;31,94;30,96;39,81M;1,47%
27.07.2023;32,3;32;32,58;31,98;38,55M;1,51%
28.07.2023;32,94;32,62;33,06;32,52;63,88M;1,98%
31.07.2023;33,62;33,4;33,74;33,04;72,67M;2,06%
1.08.2023;34,36;33,72;35,38;33,68;102,55M;2,20%
2.08.2023;33,78;34,38;34,62;33,78;68,49M;-1,69%
3.08.2023;32,74;34;34,24;32,66;49,96M;-3,08%
4.08.2023;33,54;32,9;33,9;32,54;42,76M;2,44%
7.08.2023;33,18;33,6;33,92;32,98;44,87M;-1,07%
8.08.2023;32,94;33,32;33,76;32,76;46,48M;-0,72%
9.08.2023;33,26;33,08;33,52;32,66;58,93M;0,97%
10.08.2023;32,04;33,58;34,22;31,92;64,47M;-3,67%
11.08.2023;33,16;32,12;33,16;32,08;61,89M;3,50%
14.08.2023;34,18;33,8;35,58;33,8;97,62M;3,08%
15.08.2023;34;34,54;35,1;33,36;63,38M;-0,53%
16.08.2023;34,62;34,1;35,02;33,7;65,89M;1,82%
17.08.2023;33,78;34,74;34,98;33,7;80,16M;-2,43%
18.08.2023;32,2;33,94;34,22;31,5;67,62M;-4,68%
21.08.2023;33;32;33,3;31,68;71,82M;2,48%
22.08.2023;32,26;33,16;33,26;32,1;53,21M;-2,24%
23.08.2023;32,28;32,44;33,34;32,22;74,84M;0,06%
24.08.2023;30,82;32,5;33,04;30,82;66,48M;-4,52%
25.08.2023;31,3;31,02;31,44;30,34;54,07M;1,56%
28.08.2023;31,78;31,74;32,16;31,6;43,92M;1,53%
29.08.2023;31,6;31,92;32,3;31,42;39,10M;-0,57%
31.08.2023;32,8;31,8;33,46;31,64;81,07M;3,80%
1.09.2023;33,34;33,14;33,58;32,64;55,96M;1,65%
4.09.2023;33,9;33,78;34,82;33,48;81,57M;1,68%
5.09.2023;34,1;33,86;34,1;33,26;45,47M;0,59%
6.09.2023;33,46;34,46;34,58;33,46;53,39M;-1,88%
7.09.2023;34,5;33,58;34,5;33,48;53,95M;3,11%
8.09.2023;34,24;34,74;35,16;33,98;52,85M;-0,75%
11.09.2023;34,72;34,5;36,64;33,96;166,74M;1,40%
12.09.2023;38,18;34,96;38,18;34,86;163,05M;9,97%
13.09.2023;36,94;37,48;39,04;36,72;210,48M;-3,25%
14.09.2023;37,48;37,04;38,34;36,5;144,73M;1,46%
15.09.2023;36,7;37,46;38,82;36,4;120,84M;-2,08%
18.09.2023;35,22;36,7;37,54;35,18;75,15M;-4,03%
19.09.2023;34,56;35,28;35,52;34,42;66,64M;-1,87%
20.09.2023;33,36;34,78;35,16;33,18;58,98M;-3,47%
21.09.2023;34,94;33,28;34,98;33,2;62,56M;4,74%
22.09.2023;34,66;35,12;35,9;34,26;53,33M;-0,80%
25.09.2023;35,36;35,14;35,62;34,88;52,19M;2,02%
26.09.2023;34,4;35,46;35,54;34,4;53,04M;-2,71%
27.09.2023;34,46;34,52;35,24;34,22;52,67M;0,17%
28.09.2023;34,4;35,1;35,4;34,28;47,58M;-0,17%
29.09.2023;34,82;34,6;34,94;34,4;40,36M;1,22%
2.10.2023;35,06;35,04;35,36;34,94;46,48M;0,69%
3.10.2023;36,78;35,14;36,78;35,08;102,22M;4,91%
4.10.2023;35,4;36,6;36,7;35,28;62,27M;-3,75%
5.10.2023;36,18;35,6;36,24;34,56;59,94M;2,20%
6.10.2023;35,8;35,8;36,24;35,64;33,89M;-1,05%
9.10.2023;33,44;34,98;34,98;33,4;40,68M;-6,59%
10.10.2023;33,98;34;34,26;33,76;31,25M;1,61%
11.10.2023;32,64;34,1;34,44;32,64;42,32M;-3,94%
12.10.2023;32,16;33,1;33,32;31,52;44,08M;-1,47%
13.10.2023;32,12;32,1;32,64;31,66;33,00M;-0,12%
16.10.2023;32,34;32,4;32,96;31,5;44,77M;0,68%
17.10.2023;33,06;32,42;33,14;31,98;32,33M;2,23%
18.10.2023;32;32,16;32,58;31,96;32,94M;-3,21%
19.10.2023;32,38;32,1;32,64;31,94;29,98M;1,19%
20.10.2023;31,3;31,8;32,12;30,92;25,33M;-3,34%
23.10.2023;31,88;32;32,2;31,1;25,86M;1,85%
24.10.2023;32,58;32,02;32,72;31,96;28,24M;2,20%
25.10.2023;29,94;32,82;33,12;29,94;29,40M;-8,10%
26.10.2023;30,52;30,4;30,96;29,84;34,94M;1,94%
27.10.2023;31,18;30,56;31,4;30,44;30,63M;2,16%
30.10.2023;31,14;31,1;31,6;30,92;20,43M;-0,13%
31.10.2023;30,42;31,34;31,46;30,3;15,97M;-2,31%
1.11.2023;30,04;30,8;31,02;29,44;18,73M;-1,25%
2.11.2023;31,3;30,3;31,32;30,2;21,23M;4,19%
3.11.2023;30,74;31,3;31,34;30,34;24,24M;-1,79%
6.11.2023;31,62;31,2;31,62;31,04;18,50M;2,86%
7.11.2023;32,2;31,62;32,42;31,58;22,73M;1,83%
8.11.2023;32,42;32,58;32,68;31,88;18,19M;0,68%
9.11.2023;32,02;32;32,3;31,48;21,36M;-1,23%
10.11.2023;33,28;32,04;33,86;31,98;41,69M;3,94%
13.11.2023;33,12;33,4;34,36;32,94;33,89M;-0,48%
14.11.2023;33,42;33,12;33,6;32,56;25,53M;0,91%
15.11.2023;32,96;33,6;33,82;32,86;19,88M;-1,38%
16.11.2023;33,1;33;33,42;32,92;21,45M;0,42%
17.11.2023;33,42;33,14;33,62;33,14;18,57M;0,97%
20.11.2023;33,7;33,62;33,96;33,6;19,92M;0,84%
21.11.2023;33,8;33,9;34,38;33,46;31,45M;0,30%
22.11.2023;34,96;33,82;35,42;33,7;59,20M;3,43%
23.11.2023;34,02;35,06;35,1;34;28,53M;-2,69%
24.11.2023;34,42;34,06;34,62;33,88;21,51M;1,18%
27.11.2023;34,6;34,56;34,74;34,26;19,56M;0,52%
28.11.2023;35,7;34,66;35,88;34,44;52,75M;3,18%
29.11.2023;35,32;35,7;36,02;34,92;28,17M;-1,06%
30.11.2023;35,16;35,4;35,84;35,06;27,04M;-0,45%
1.12.2023;34,9;35,5;35,86;34,86;20,85M;-0,74%
4.12.2023;34,86;34,94;35,22;34,72;22,29M;-0,11%
5.12.2023;33,84;34,84;34,92;33,82;23,90M;-2,93%
6.12.2023;32,44;33,96;34,1;32,44;23,67M;-4,14%
7.12.2023;32,92;32,44;32,92;31,94;23,42M;1,48%
8.12.2023;32,98;32,98;33,34;32,7;18,42M;0,18%
11.12.2023;33;33,06;33,92;32,9;31,03M;0,06%
12.12.2023;34,26;32,98;34,38;32,9;28,30M;3,82%
13.12.2023;33,96;34,02;35,02;33,8;33,61M;-0,88%
14.12.2023;34,4;34,3;35,14;33,98;37,19M;1,30%
15.12.2023;35,8;34,54;36,16;34,52;42,98M;4,07%
18.12.2023;36,18;35,6;37,12;35,56;39,41M;1,06%
19.12.2023;36,32;36,28;36,44;35,02;33,25M;0,39%
20.12.2023;37,2;37;37,9;36,74;50,63M;2,42%
21.12.2023;36,86;37,18;37,2;35,84;31,66M;-0,91%
22.12.2023;35,72;36,92;37,14;35,66;24,71M;-3,09%
25.12.2023;33,94;35,5;35,52;33,82;16,17M;-4,98%
26.12.2023;34,14;34,3;34,72;33,64;18,87M;0,59%
27.12.2023;33,206;33,403;33,856;32,989;25,68M;-2,74%
28.12.2023;33,699;33,6;34,014;33,462;17,35M;1,48%
29.12.2023;33,501;33,758;34,093;33,462;15,94M;-0,59%
2.01.2024;33,6;33,777;33,817;33,423;21,21M;0,30%
3.01.2024;32,84;33,8;34,22;32,84;22,78M;-2,26%
4.01.2024;33,3;32,82;33,3;32,42;19,86M;1,40%
5.01.2024;33,28;33,3;33,46;32,84;13,63M;-0,06%
8.01.2024;33,82;33,44;33,98;33,44;21,15M;1,62%
9.01.2024;33,68;33,98;34,48;33,38;22,09M;-0,41%
10.01.2024;35,36;33,7;35,58;33,6;30,87M;4,99%
11.01.2024;35,26;35,44;36,08;34,82;23,76M;-0,28%
12.01.2024;34,98;34,9;35,4;34,3;23,91M;-0,79%
15.01.2024;34,82;35,1;35,34;34,56;18,47M;-0,46%
16.01.2024;35,04;35,2;35,52;34,88;18,47M;0,63%
17.01.2024;34,8;34,8;35,02;34,54;15,84M;-0,68%
18.01.2024;34,86;35,02;35,18;34,72;19,30M;0,17%
19.01.2024;34,38;34,98;35,04;34,3;13,70M;-1,38%
22.01.2024;34,32;34,36;34,74;33,96;16,66M;-0,17%
23.01.2024;34,08;34,58;34,98;34,04;20,17M;-0,70%
24.01.2024;35,14;34,14;35,18;33,84;23,53M;3,11%
25.01.2024;35,34;35,28;35,82;35,06;23,53M;0,57%
26.01.2024;36,42;35,4;36,56;35,22;26,48M;3,06%
29.01.2024;36,8;36,5;37,06;36,34;27,60M;1,04%
30.01.2024;36,2;36,96;36,96;36,06;18,19M;-1,63%
31.01.2024;37,26;36,22;37,72;36,12;42,69M;2,93%
1.02.2024;38,66;37,32;39,76;37,32;45,83M;3,76%
2.02.2024;39,08;38,72;39,68;38,28;28,78M;1,09%
5.02.2024;38,68;38,92;39,52;38,46;25,64M;-1,02%
6.02.2024;38,9;38,9;39,48;38,78;31,07M;0,57%
7.02.2024;39,4;39,08;40,02;38,84;48,48M;1,29%
8.02.2024;39,4;39,5;40,14;39,28;24,85M;0,00%
9.02.2024;39,5;39,56;40,42;39,12;38,45M;0,25%
12.02.2024;40,18;39,94;40,58;39,5;40,52M;1,72%
13.02.2024;39,08;40,26;40,42;39,08;25,15M;-2,74%
14.02.2024;39,98;39,12;40,18;38,78;26,20M;2,30%
15.02.2024;40,16;40,02;40,66;39,98;29,20M;0,45%
16.02.2024;40,22;40,32;41,44;40,22;38,47M;0,15%
19.02.2024;39,88;40,48;41,02;39,76;33,22M;-0,85%
20.02.2024;40,34;40,04;40,5;39,76;20,55M;1,15%
21.02.2024;39,56;40,5;40,8;39,18;21,49M;-1,93%
22.02.2024;39,84;39,66;40;39,42;14,15M;0,71%
23.02.2024;40,96;39,92;41,14;39,8;32,74M;2,81%
26.02.2024;40,06;41,32;41,44;39,84;21,77M;-2,20%
27.02.2024;38,08;39,98;40,06;38,08;24,36M;-4,94%
28.02.2024;37,2;37,98;38,36;37,2;28,30M;-2,31%
29.02.2024;37,8;37,48;38,16;37,28;20,50M;1,61%
